customer_id,customer_segment,order_count,total_spent,avg_order_value,last_purchase_date
77,,1,186.0,93.0,2018-08-26 00:00:00
99,,1,160.0,160.0,2018-08-26 00:00:00
337,,1,69.0,69.0,2018-08-24 00:00:00
515,,1,39.9,39.9,2018-08-27 00:00:00
670,,1,104.0,52.0,2018-08-24 00:00:00
823,,1,155.0,155.0,2018-08-25 00:00:00
856,,1,249.0,249.0,2018-08-25 00:00:00
1009,,1,299.0,299.0,2018-08-25 00:00:00
1030,,1,28.9,28.9,2018-08-28 00:00:00
1086,,1,49.89,49.89,2018-08-23 00:00:00
1384,,1,149.9,149.9,2018-08-28 00:00:00
1531,,1,99.0,99.0,2018-08-26 00:00:00
1716,,1,48.9,48.9,2018-08-24 00:00:00
1734,,1,45.0,45.0,2018-08-25 00:00:00
2003,,1,139.9,139.9,2018-08-23 00:00:00
2102,,1,22.6,22.6,2018-08-27 00:00:00
2291,,1,49.0,49.0,2018-08-24 00:00:00
2355,,1,99.9,99.9,2018-08-23 00:00:00
2481,,1,89.0,89.0,2018-08-25 00:00:00
2735,,1,179.9,179.9,2018-08-23 00:00:00
2863,,1,79.9,79.9,2018-08-26 00:00:00
3123,,1,169.9,169.9,2018-08-26 00:00:00
3214,,1,34.0,34.0,2018-08-27 00:00:00
3303,,1,79.0,79.0,2018-08-27 00:00:00
3413,,1,24.99,24.99,2018-08-27 00:00:00
3501,,1,29.99,29.99,2018-08-27 00:00:00
3527,,1,62.0,62.0,2018-08-27 00:00:00
3955,,1,103.0,103.0,2018-08-28 00:00:00
4093,,1,117.0,117.0,2018-08-23 00:00:00
4141,,1,39.0,39.0,2018-08-24 00:00:00
4289,,1,54.0,54.0,2018-08-24 00:00:00
4338,,1,116.5,116.5,2018-08-28 00:00:00
4400,,1,108.9,108.9,2018-08-26 00:00:00
4572,,1,142.0,142.0,2018-08-23 00:00:00
4731,,1,21.99,21.99,2018-08-27 00:00:00
5246,,1,18.9,18.9,2018-08-25 00:00:00
5638,,1,95.4,95.4,2018-08-27 00:00:00
5852,,1,14.49,14.49,2018-08-23 00:00:00
5890,,1,69.0,69.0,2018-08-28 00:00:00
5892,,1,79.9,79.9,2018-08-23 00:00:00
6879,,1,54.9,54.9,2018-08-25 00:00:00
7130,,1,36.82,36.82,2018-08-23 00:00:00
7270,,1,199.9,199.9,2018-08-23 00:00:00
7336,,1,320.0,320.0,2018-08-24 00:00:00
7628,,1,14.99,14.99,2018-08-28 00:00:00
7714,,1,179.0,179.0,2018-08-28 00:00:00
7765,,1,49.9,49.9,2018-08-27 00:00:00
8289,,1,149.9,149.9,2018-08-23 00:00:00
8700,,1,19.9,19.9,2018-08-23 00:00:00
8976,,1,35.0,35.0,2018-08-24 00:00:00
9763,,1,48.45,48.45,2018-08-25 00:00:00
10044,,1,138.9,138.9,2018-08-25 00:00:00
10053,,1,139.89,139.89,2018-08-26 00:00:00
10324,,1,220.0,220.0,2018-08-26 00:00:00
10334,,1,269.0,269.0,2018-08-24 00:00:00
10438,,1,49.9,49.9,2018-08-23 00:00:00
10470,,1,492.75,492.75,2018-08-25 00:00:00
10635,,1,138.9,138.9,2018-08-24 00:00:00
10807,,1,49.9,49.9,2018-08-27 00:00:00
11118,,1,24.9,24.9,2018-08-25 00:00:00
11199,,1,14.9,14.9,2018-08-28 00:00:00
11307,,1,72.99,72.99,2018-08-25 00:00:00
11497,,1,44.99,44.99,2018-08-25 00:00:00
12227,,1,14.9,14.9,2018-08-25 00:00:00
12433,,1,28.99,28.99,2018-08-23 00:00:00
12754,,1,18.0,18.0,2018-08-27 00:00:00
12763,,1,49.9,49.9,2018-08-23 00:00:00
13160,,1,59.7,59.7,2018-08-26 00:00:00
13468,,1,79.9,79.9,2018-08-26 00:00:00
13590,,1,35.9,35.9,2018-08-26 00:00:00
13874,,1,50.0,50.0,2018-08-24 00:00:00
13891,,1,52.9,52.9,2018-08-24 00:00:00
14062,,1,30.0,30.0,2018-08-26 00:00:00
14098,,1,29.15,29.15,2018-08-24 00:00:00
14267,,1,157.41,157.41,2018-08-23 00:00:00
14427,,1,51.0,17.0,2018-08-27 00:00:00
14477,,1,67.9,67.9,2018-08-26 00:00:00
15495,,1,169.8,84.9,2018-08-28 00:00:00
15801,,1,65.0,65.0,2018-08-24 00:00:00
16184,,1,65.4,32.7,2018-08-23 00:00:00
16186,,1,107.9,107.9,2018-08-23 00:00:00
16234,,1,44.9,44.9,2018-08-23 00:00:00
16428,,1,99.0,99.0,2018-08-25 00:00:00
16483,,1,110.77,110.77,2018-08-27 00:00:00
16492,,1,122.73,122.73,2018-08-23 00:00:00
16661,,1,233.8,116.9,2018-08-25 00:00:00
16817,,1,103.69,25.9225,2018-08-28 00:00:00
16990,,1,548.0,548.0,2018-08-23 00:00:00
17028,,1,712.9,712.9,2018-08-28 00:00:00
17228,,1,180.0,180.0,2018-08-27 00:00:00
17359,,1,169.0,169.0,2018-08-26 00:00:00
17411,,1,585.0,585.0,2018-08-23 00:00:00
17593,,1,79.98,39.99,2018-08-28 00:00:00
18241,,1,55.5,55.5,2018-08-24 00:00:00
18336,,1,19.9,19.9,2018-08-27 00:00:00
18471,,1,243.0,121.5,2018-08-24 00:00:00
18478,,1,27.81,27.81,2018-08-27 00:00:00
18941,,1,319.29,319.29,2018-08-25 00:00:00
19024,,1,149.0,149.0,2018-08-24 00:00:00
19079,,1,110.65,110.65,2018-08-25 00:00:00
19137,,1,44.06,44.06,2018-08-23 00:00:00
19176,,1,55.0,55.0,2018-08-24 00:00:00
19285,,1,68.0,68.0,2018-08-25 00:00:00
19364,,1,57.9,57.9,2018-08-27 00:00:00
19600,,1,19.0,19.0,2018-08-24 00:00:00
19784,,1,169.0,169.0,2018-08-28 00:00:00
19790,,1,28.82,28.82,2018-08-24 00:00:00
20024,,1,26.88,26.88,2018-08-27 00:00:00
20163,,1,79.0,79.0,2018-08-24 00:00:00
20229,,1,44.9,44.9,2018-08-24 00:00:00
20641,,1,19.9,19.9,2018-08-27 00:00:00
20891,,1,69.0,69.0,2018-08-23 00:00:00
21072,,1,59.0,59.0,2018-08-23 00:00:00
21704,,1,79.0,79.0,2018-08-23 00:00:00
21986,,1,128.0,128.0,2018-08-23 00:00:00
22394,,1,106.9,106.9,2018-08-27 00:00:00
22695,,1,125.0,125.0,2018-08-25 00:00:00
22828,,1,289.0,289.0,2018-08-24 00:00:00
22844,,1,99.9,99.9,2018-08-24 00:00:00
22897,,1,97.5,97.5,2018-08-27 00:00:00
23061,,1,89.9,89.9,2018-08-27 00:00:00
23223,,1,299.0,299.0,2018-08-26 00:00:00
23516,,1,49.9,49.9,2018-08-27 00:00:00
23519,,1,10.0,10.0,2018-08-25 00:00:00
23918,,1,299.9,299.9,2018-08-23 00:00:00
24104,,1,98.0,98.0,2018-08-23 00:00:00
24114,,1,109.0,109.0,2018-08-25 00:00:00
24357,,1,49.5,49.5,2018-08-23 00:00:00
24459,,1,249.9,249.9,2018-08-28 00:00:00
24643,,1,12.99,12.99,2018-08-26 00:00:00
24768,,1,51.9,51.9,2018-08-24 00:00:00
25463,,1,55.55,55.55,2018-08-27 00:00:00
25941,,1,171.8,85.9,2018-08-28 00:00:00
26000,,1,389.5,389.5,2018-08-25 00:00:00
26794,,1,49.0,49.0,2018-08-27 00:00:00
26862,,1,179.0,179.0,2018-08-24 00:00:00
27011,,1,59.0,59.0,2018-08-26 00:00:00
27075,,1,57.0,57.0,2018-08-24 00:00:00
27101,,1,49.9,49.9,2018-08-24 00:00:00
27241,,1,219.0,219.0,2018-08-24 00:00:00
27430,,1,38.99,38.99,2018-08-27 00:00:00
27435,,1,299.99,299.99,2018-08-26 00:00:00
27552,,1,259.0,259.0,2018-08-23 00:00:00
27766,,1,29.8,14.9,2018-08-23 00:00:00
27890,,1,109.9,109.9,2018-08-24 00:00:00
27938,,1,64.0,64.0,2018-08-27 00:00:00
28131,,1,50.0,50.0,2018-08-24 00:00:00
28208,,1,102.0,102.0,2018-08-26 00:00:00
28335,,1,85.9,85.9,2018-08-24 00:00:00
28488,,1,24.0,24.0,2018-08-24 00:00:00
28877,,1,85.9,85.9,2018-08-23 00:00:00
28894,,1,14.5,14.5,2018-08-28 00:00:00
29023,,1,129.9,129.9,2018-08-27 00:00:00
29400,,1,12.0,12.0,2018-08-28 00:00:00
29486,,1,246.9,246.9,2018-08-23 00:00:00
29953,,1,124.98,62.49,2018-08-24 00:00:00
30281,,1,48.9,48.9,2018-08-27 00:00:00
30426,,1,29.9,29.9,2018-08-24 00:00:00
30469,,1,196.8,196.8,2018-08-26 00:00:00
30508,,1,29.9,29.9,2018-08-23 00:00:00
30581,,1,143.9,143.9,2018-08-24 00:00:00
30906,,1,63.0,63.0,2018-08-23 00:00:00
31236,,1,136.89000000000001,68.44500000000001,2018-08-24 00:00:00
31281,,1,44.9,44.9,2018-08-27 00:00:00
31479,,1,119.0,119.0,2018-08-26 00:00:00
31961,,1,38.0,38.0,2018-08-24 00:00:00
32078,,1,139.9,139.9,2018-08-25 00:00:00
32231,,1,94.9,94.9,2018-08-23 00:00:00
32813,,1,59.9,59.9,2018-08-23 00:00:00
32845,,1,9.99,9.99,2018-08-26 00:00:00
33147,,1,60.0,60.0,2018-08-23 00:00:00
33456,,1,112.99,112.99,2018-08-24 00:00:00
34134,,1,110.32,110.32,2018-08-26 00:00:00
34254,,1,69.9,69.9,2018-08-23 00:00:00
34496,,1,63.99,63.99,2018-08-26 00:00:00
34561,,1,149.9,149.9,2018-08-23 00:00:00
34564,,1,39.5,39.5,2018-08-25 00:00:00
34634,,1,63.0,31.5,2018-08-23 00:00:00
35171,,1,37.4,37.4,2018-08-25 00:00:00
35653,,1,119.9,119.9,2018-08-23 00:00:00
35708,,1,99.9,99.9,2018-08-23 00:00:00
36002,,1,27.72,27.72,2018-08-23 00:00:00
36624,,1,326.0,326.0,2018-08-23 00:00:00
36860,,1,244.99,244.99,2018-08-24 00:00:00
37030,,1,95.9,95.9,2018-08-23 00:00:00
37033,,1,45.0,45.0,2018-08-23 00:00:00
37099,,1,191.0,191.0,2018-08-24 00:00:00
37245,,1,289.98,144.99,2018-08-23 00:00:00
37411,,1,19.9,19.9,2018-08-23 00:00:00
37471,,1,100.49,100.49,2018-08-24 00:00:00
37598,,1,30.0,30.0,2018-08-28 00:00:00
37748,,1,2160.0,2160.0,2018-08-23 00:00:00
37759,,1,20.9,20.9,2018-08-26 00:00:00
38268,,1,20.0,20.0,2018-08-26 00:00:00
38610,,1,52.51,52.51,2018-08-27 00:00:00
38725,,1,110.32,110.32,2018-08-23 00:00:00
38834,,1,250.0,125.0,2018-08-24 00:00:00
38847,,1,31.9,31.9,2018-08-25 00:00:00
38929,,1,50.3,16.766666666666666,2018-08-26 00:00:00
39087,,1,98.0,98.0,2018-08-23 00:00:00
39119,,1,104.0,104.0,2018-08-24 00:00:00
39242,,1,25.99,25.99,2018-08-26 00:00:00
39259,,1,1240.0,1240.0,2018-08-26 00:00:00
39372,,1,119.9,119.9,2018-08-23 00:00:00
39496,,1,77.0,77.0,2018-08-24 00:00:00
39624,,1,285.0,285.0,2018-08-23 00:00:00
39790,,1,228.0,228.0,2018-08-23 00:00:00
39979,,1,79.49,79.49,2018-08-24 00:00:00
39987,,1,56.1,56.1,2018-08-23 00:00:00
40059,,1,38.0,38.0,2018-08-24 00:00:00
40136,,1,59.9,59.9,2018-08-28 00:00:00
40274,,1,29.8,14.9,2018-08-23 00:00:00
40861,,1,15.9,15.9,2018-08-27 00:00:00
41443,,1,14.9,14.9,2018-08-23 00:00:00
41504,,1,19.9,19.9,2018-08-24 00:00:00
41577,,1,14.49,14.49,2018-08-24 00:00:00
41631,,1,138.0,69.0,2018-08-23 00:00:00
42044,,1,20.9,20.9,2018-08-23 00:00:00
42062,,1,31.8,15.9,2018-08-25 00:00:00
42093,,1,115.99,115.99,2018-08-24 00:00:00
42253,,1,36.9,36.9,2018-08-27 00:00:00
42433,,1,127.3,63.65,2018-08-25 00:00:00
42631,,1,12.99,12.99,2018-08-23 00:00:00
42715,,1,37.98,18.99,2018-08-25 00:00:00
42751,,1,399.0,399.0,2018-08-25 00:00:00
42753,,1,192.9,192.9,2018-08-27 00:00:00
42772,,1,220.0,220.0,2018-08-24 00:00:00
42844,,1,217.9,217.9,2018-08-23 00:00:00
42855,,1,59.9,59.9,2018-08-23 00:00:00
42973,,1,44.99,44.99,2018-08-24 00:00:00
43160,,1,38.25,38.25,2018-08-24 00:00:00
43857,,1,250.0,250.0,2018-08-28 00:00:00
44873,,1,55.0,55.0,2018-08-23 00:00:00
44978,,1,96.99,96.99,2018-08-26 00:00:00
45005,,1,79.8,79.8,2018-08-27 00:00:00
45011,,1,36.98,18.49,2018-08-23 00:00:00
45441,,1,55.0,55.0,2018-08-23 00:00:00
45443,,1,97.5,97.5,2018-08-25 00:00:00
45522,,1,20.9,20.9,2018-08-25 00:00:00
45540,,1,39.9,39.9,2018-08-27 00:00:00
45546,,1,23.8,23.8,2018-08-25 00:00:00
45562,,1,29.99,29.99,2018-08-27 00:00:00
45747,,1,18.9,18.9,2018-08-23 00:00:00
45959,,1,74.9,74.9,2018-08-26 00:00:00
45978,,1,107.96,26.99,2018-08-23 00:00:00
46064,,1,15.0,15.0,2018-08-26 00:00:00
46193,,1,163.19,27.198333333333334,2018-08-24 00:00:00
46496,,1,12.88,12.88,2018-08-27 00:00:00
46555,,1,45.97,45.97,2018-08-24 00:00:00
46899,,1,49.98,24.99,2018-08-24 00:00:00
46920,,1,63.53,31.765,2018-08-26 00:00:00
47051,,1,41.99,41.99,2018-08-23 00:00:00
47287,,1,39.9,39.9,2018-08-23 00:00:00
47298,,1,99.9,99.9,2018-08-23 00:00:00
47347,,1,19.0,19.0,2018-08-28 00:00:00
47405,,1,22.99,22.99,2018-08-25 00:00:00
47636,,1,118.99,118.99,2018-08-23 00:00:00
47712,,1,115.99,115.99,2018-08-24 00:00:00
47994,,1,88.89,88.89,2018-08-25 00:00:00
48010,,1,134.9,134.9,2018-08-24 00:00:00
48369,,1,11.9,11.9,2018-08-23 00:00:00
48419,,1,29.99,29.99,2018-08-24 00:00:00
48598,,1,41.8,41.8,2018-08-28 00:00:00
48734,,1,59.9,59.9,2018-08-26 00:00:00
49000,,1,24.99,24.99,2018-08-23 00:00:00
49329,,1,32.0,32.0,2018-08-24 00:00:00
49458,,1,100.0,50.0,2018-08-23 00:00:00
50159,,1,82.89,41.445,2018-08-24 00:00:00
50339,,1,103.9,103.9,2018-08-26 00:00:00
50671,,1,63.99,63.99,2018-08-28 00:00:00
50993,,1,41.9,41.9,2018-08-28 00:00:00
51427,,1,14.9,14.9,2018-08-26 00:00:00
51535,,1,49.99,49.99,2018-08-27 00:00:00
51597,,1,30.0,30.0,2018-08-23 00:00:00
51891,,1,39.0,39.0,2018-08-24 00:00:00
52113,,1,24.99,24.99,2018-08-27 00:00:00
52532,,1,39.9,39.9,2018-08-28 00:00:00
52756,,1,25.99,25.99,2018-08-27 00:00:00
52784,,1,160.0,160.0,2018-08-24 00:00:00
53117,,1,65.0,65.0,2018-08-23 00:00:00
53463,,1,35.9,35.9,2018-08-25 00:00:00
53643,,1,39.9,39.9,2018-08-25 00:00:00
54121,,1,27.9,27.9,2018-08-26 00:00:00
54173,,1,999.99,999.99,2018-08-25 00:00:00
54270,,1,12.99,12.99,2018-08-25 00:00:00
54308,,1,30.0,30.0,2018-08-25 00:00:00
54566,,1,89.99,89.99,2018-08-25 00:00:00
54640,,1,25.89,25.89,2018-08-23 00:00:00
54787,,1,24.99,24.99,2018-08-23 00:00:00
55077,,1,106.9,106.9,2018-08-25 00:00:00
55114,,1,36.9,36.9,2018-08-27 00:00:00
55374,,1,51.9,51.9,2018-08-26 00:00:00
55392,,1,16.9,16.9,2018-08-23 00:00:00
55414,,1,23.98,11.99,2018-08-26 00:00:00
55497,,1,139.9,139.9,2018-08-26 00:00:00
56367,,1,14.49,14.49,2018-08-23 00:00:00
56813,,1,11.35,11.35,2018-08-24 00:00:00
56973,,1,99.98,99.98,2018-08-26 00:00:00
56991,,1,14.99,14.99,2018-08-25 00:00:00
57021,,1,375.9,187.95,2018-08-25 00:00:00
57138,,1,103.0,103.0,2018-08-24 00:00:00
57313,,1,8.49,8.49,2018-08-26 00:00:00
57322,,1,20.9,20.9,2018-08-26 00:00:00
57677,,1,299.8,149.9,2018-08-26 00:00:00
57873,,1,119.0,119.0,2018-08-23 00:00:00
58204,,1,92.0,92.0,2018-08-23 00:00:00
58651,,1,79.5,79.5,2018-08-25 00:00:00
59154,,1,220.0,220.0,2018-08-26 00:00:00
59490,,1,207.0,207.0,2018-08-24 00:00:00
59493,,1,49.0,49.0,2018-08-28 00:00:00
59705,,1,59.0,59.0,2018-08-23 00:00:00
59769,,1,69.0,69.0,2018-08-23 00:00:00
59922,,1,29.9,29.9,2018-08-24 00:00:00
60185,,1,48.0,48.0,2018-08-27 00:00:00
60394,,1,97.99,97.99,2018-08-23 00:00:00
60406,,1,95.9,95.9,2018-08-27 00:00:00
60457,,1,42.0,42.0,2018-08-26 00:00:00
60895,,1,45.0,45.0,2018-08-27 00:00:00
60941,,1,19.9,19.9,2018-08-24 00:00:00
61017,,1,23.88,3.98,2018-08-24 00:00:00
61187,,1,330.96,110.32,2018-08-23 00:00:00
61266,,1,13.5,13.5,2018-08-23 00:00:00
61368,,1,131.9,131.9,2018-08-23 00:00:00
61455,,1,149.99,149.99,2018-08-23 00:00:00
61659,,1,14.9,14.9,2018-08-23 00:00:00
62015,,1,49.49,49.49,2018-08-27 00:00:00
62104,,1,120.0,120.0,2018-08-23 00:00:00
62174,,1,44.99,44.99,2018-08-23 00:00:00
62177,,1,75.0,75.0,2018-08-26 00:00:00
62493,,1,62.5,62.5,2018-08-25 00:00:00
62731,,1,48.9,48.9,2018-08-26 00:00:00
62770,,1,59.89,59.89,2018-08-23 00:00:00
62868,,1,47.83,47.83,2018-08-24 00:00:00
62931,,1,55.0,55.0,2018-08-24 00:00:00
63038,,1,129.0,129.0,2018-08-24 00:00:00
63113,,1,149.0,149.0,2018-08-23 00:00:00
63262,,1,199.0,199.0,2018-08-26 00:00:00
63299,,1,274.9,274.9,2018-08-27 00:00:00
64316,,1,119.9,119.9,2018-08-25 00:00:00
64607,,1,188.0,188.0,2018-08-23 00:00:00
64811,,1,79.99,79.99,2018-08-23 00:00:00
64888,,1,439.99,439.99,2018-08-25 00:00:00
64902,,1,19.9,19.9,2018-08-28 00:00:00
65643,,1,55.49,55.49,2018-08-23 00:00:00
65652,,1,74.0,74.0,2018-08-24 00:00:00
65653,,1,330.0,330.0,2018-08-26 00:00:00
65974,,1,29.99,29.99,2018-08-25 00:00:00
66002,,1,159.9,159.9,2018-08-23 00:00:00
66051,,1,134.99,134.99,2018-08-23 00:00:00
66085,,1,95.4,95.4,2018-08-25 00:00:00
66382,,1,109.9,109.9,2018-08-24 00:00:00
66687,,1,150.9,150.9,2018-08-28 00:00:00
66722,,1,30.0,30.0,2018-08-24 00:00:00
66997,,1,99.9,99.9,2018-08-23 00:00:00
67449,,1,35.94,35.94,2018-08-23 00:00:00
67597,,1,99.9,99.9,2018-08-28 00:00:00
67671,,1,96.0,96.0,2018-08-23 00:00:00
67959,,1,61.8,30.9,2018-08-26 00:00:00
67969,,1,89.9,89.9,2018-08-26 00:00:00
68038,,1,189.0,189.0,2018-08-24 00:00:00
68203,,1,139.49,139.49,2018-08-25 00:00:00
68242,,1,149.0,149.0,2018-08-24 00:00:00
68498,,1,83.98,41.99,2018-08-27 00:00:00
69251,,1,20.2,20.2,2018-08-27 00:00:00
70583,,1,18.99,18.99,2018-08-28 00:00:00
70801,,1,369.9,369.9,2018-08-27 00:00:00
70924,,1,42.0,42.0,2018-08-27 00:00:00
71178,,1,159.0,159.0,2018-08-27 00:00:00
71372,,1,89.99,89.99,2018-08-24 00:00:00
71425,,1,64.8,64.8,2018-08-23 00:00:00
71756,,1,119.9,119.9,2018-08-23 00:00:00
71825,,1,139.0,139.0,2018-08-23 00:00:00
71844,,1,44.85,44.85,2018-08-23 00:00:00
72030,,1,169.9,169.9,2018-08-23 00:00:00
72179,,1,89.0,89.0,2018-08-23 00:00:00
72290,,1,67.0,67.0,2018-08-23 00:00:00
72486,,1,184.0,184.0,2018-08-23 00:00:00
72648,,1,59.9,59.9,2018-08-24 00:00:00
72709,,1,469.0,469.0,2018-08-25 00:00:00
73015,,1,174.9,87.45,2018-08-24 00:00:00
73182,,1,7.5,7.5,2018-08-28 00:00:00
73376,,1,17.5,17.5,2018-08-26 00:00:00
73460,,1,69.0,69.0,2018-08-23 00:00:00
73541,,1,399.9,399.9,2018-08-24 00:00:00
73625,,1,29.99,29.99,2018-08-25 00:00:00
73693,,1,17.9,17.9,2018-08-25 00:00:00
73721,,1,25.0,25.0,2018-08-27 00:00:00
73996,,1,19.15,19.15,2018-08-24 00:00:00
74452,,1,46.9,46.9,2018-08-23 00:00:00
74744,,1,29.99,29.99,2018-08-28 00:00:00
74952,,1,4.99,4.99,2018-08-23 00:00:00
75146,,1,76.0,76.0,2018-08-26 00:00:00
75215,,1,60.0,60.0,2018-08-23 00:00:00
75324,,1,139.8,69.9,2018-08-26 00:00:00
75420,,1,68.0,34.0,2018-08-23 00:00:00
75863,,1,14.9,14.9,2018-08-28 00:00:00
76463,,1,13.59,13.59,2018-08-26 00:00:00
76530,,1,38.67,38.67,2018-08-26 00:00:00
76587,,1,124.99,124.99,2018-08-23 00:00:00
76685,,1,201.9,201.9,2018-08-27 00:00:00
76755,,1,14.9,14.9,2018-08-26 00:00:00
76809,,1,32.99,32.99,2018-08-23 00:00:00
76834,,1,85.0,85.0,2018-08-26 00:00:00
77280,,1,18.99,18.99,2018-08-26 00:00:00
77355,,1,517.8,517.8,2018-08-27 00:00:00
77627,,1,84.99,84.99,2018-08-24 00:00:00
78088,,1,2300.0,2300.0,2018-08-25 00:00:00
78101,,1,27.9,27.9,2018-08-23 00:00:00
78262,,1,30.0,30.0,2018-08-28 00:00:00
78606,,1,119.0,119.0,2018-08-26 00:00:00
79149,,1,100.59,100.59,2018-08-24 00:00:00
79159,,1,76.9,38.45,2018-08-25 00:00:00
79303,,1,31.0,31.0,2018-08-25 00:00:00
80184,,1,37.98,18.99,2018-08-26 00:00:00
80328,,1,62.9,62.9,2018-08-23 00:00:00
80432,,1,79.9,79.9,2018-08-27 00:00:00
80790,,1,124.80000000000001,62.400000000000006,2018-08-24 00:00:00
82048,,1,61.9,61.9,2018-08-27 00:00:00
82104,,1,50.0,25.0,2018-08-23 00:00:00
82469,,1,8.9,8.9,2018-08-23 00:00:00
82564,,1,548.06,548.06,2018-08-23 00:00:00
82991,,1,735.0,735.0,2018-08-23 00:00:00
83099,,1,58.9,58.9,2018-08-23 00:00:00
83502,,1,69.9,69.9,2018-08-23 00:00:00
84099,,1,18.49,18.49,2018-08-25 00:00:00
84700,,1,29.9,29.9,2018-08-26 00:00:00
84839,,1,88.0,88.0,2018-08-24 00:00:00
84912,,1,79.99,79.99,2018-08-23 00:00:00
85209,,1,139.99,139.99,2018-08-23 00:00:00
85335,,1,85.0,85.0,2018-08-27 00:00:00
85966,,1,79.49,79.49,2018-08-28 00:00:00
86311,,1,124.95,124.95,2018-08-26 00:00:00
86318,,1,25.5,25.5,2018-08-24 00:00:00
86338,,1,98.48,98.48,2018-08-27 00:00:00
86626,,1,99.0,99.0,2018-08-23 00:00:00
86720,,1,85.9,85.9,2018-08-26 00:00:00
87106,,1,58.2,58.2,2018-08-28 00:00:00
87163,,1,149.0,49.666666666666664,2018-08-27 00:00:00
87360,,1,106.6,53.3,2018-08-23 00:00:00
87459,,1,59.0,59.0,2018-08-28 00:00:00
87925,,1,85.0,85.0,2018-08-26 00:00:00
88083,,1,85.9,85.9,2018-08-25 00:00:00
88135,,1,130.0,130.0,2018-08-26 00:00:00
88542,,1,103.0,103.0,2018-08-24 00:00:00
88562,,1,29.9,29.9,2018-08-28 00:00:00
88637,,1,110.32,110.32,2018-08-25 00:00:00
88787,,1,62.0,62.0,2018-08-23 00:00:00
88990,,1,29.9,29.9,2018-08-25 00:00:00
89041,,1,99.0,99.0,2018-08-23 00:00:00
89374,,1,184.9,184.9,2018-08-26 00:00:00
89683,,1,170.0,170.0,2018-08-23 00:00:00
89720,,1,20.9,20.9,2018-08-26 00:00:00
89786,,1,56.1,56.1,2018-08-25 00:00:00
89788,,1,28.39,28.39,2018-08-23 00:00:00
90869,,1,109.9,109.9,2018-08-24 00:00:00
91105,,1,50.019999999999996,25.009999999999998,2018-08-23 00:00:00
91474,,1,85.9,85.9,2018-08-27 00:00:00
91486,,1,99.0,99.0,2018-08-24 00:00:00
91582,,1,23.75,23.75,2018-08-27 00:00:00
91687,,1,97.0,48.5,2018-08-23 00:00:00
91738,,1,51.5,51.5,2018-08-24 00:00:00
91756,,1,74.9,74.9,2018-08-23 00:00:00
91878,,1,74.31,74.31,2018-08-24 00:00:00
92116,,1,57.99,57.99,2018-08-24 00:00:00
92438,,1,49.99,49.99,2018-08-27 00:00:00
92545,,1,340.0,340.0,2018-08-24 00:00:00
92642,,1,49.9,49.9,2018-08-25 00:00:00
92666,,1,2.2,2.2,2018-08-25 00:00:00
92713,,1,99.9,99.9,2018-08-23 00:00:00
92819,,1,19.99,19.99,2018-08-23 00:00:00
93043,,1,34.0,34.0,2018-08-27 00:00:00
93261,,1,85.9,85.9,2018-08-26 00:00:00
93422,,1,169.0,169.0,2018-08-25 00:00:00
93537,,1,49.9,49.9,2018-08-24 00:00:00
93597,,1,56.9,56.9,2018-08-25 00:00:00
93737,,1,149.0,149.0,2018-08-26 00:00:00
93805,,1,349.0,349.0,2018-08-27 00:00:00
93876,,1,89.9,89.9,2018-08-25 00:00:00
94185,,1,15.9,15.9,2018-08-24 00:00:00
94434,,1,63.9,63.9,2018-08-23 00:00:00
94749,,1,20.9,20.9,2018-08-25 00:00:00
95225,,1,129.0,129.0,2018-08-26 00:00:00
95332,,1,198.0,99.0,2018-08-23 00:00:00
95635,,1,119.99,119.99,2018-08-28 00:00:00
96276,,1,79.0,79.0,2018-08-26 00:00:00
