sales_id,date_id,customer_id,product_id,order_id,payment_id,quantity,unit_price,total_price,profit,freight_value,return_id,marketing_id,date,day_of_week,month_name,quarter,year,customer_segment,product_category_name_english,order_status,payment_type,return_reason,channel,campaign_name
91,71,77,77,77,1,1,93.0,93.0,18.6,0.0,,1,2018-08-26 00:00:00,6,August,3,2018,,,Processed,Credit Card,,Online,General Marketing
92,71,77,77,77,1,1,93.0,93.0,18.6,0.0,,1,2018-08-26 00:00:00,6,August,3,2018,,,Processed,Credit Card,,Online,General Marketing
114,71,99,99,99,1,1,160.0,160.0,32.0,0.0,,1,2018-08-26 00:00:00,6,August,3,2018,,,Processed,Credit Card,,Online,General Marketing
1753,71,1531,1376,1531,1,1,99.0,99.0,19.8,0.0,,1,2018-08-26 00:00:00,6,August,3,2018,,,Processed,Credit Card,,Online,General Marketing
3224,71,2863,519,2863,1,1,79.9,79.9,15.980000000000002,0.0,,1,2018-08-26 00:00:00,6,August,3,2018,,,Processed,Credit Card,,Online,General Marketing
3520,71,3123,2596,3123,1,1,169.9,169.9,33.980000000000004,0.0,,1,2018-08-26 00:00:00,6,August,3,2018,,,Processed,Credit Card,,Online,General Marketing
4965,71,4400,420,4400,1,1,108.9,108.9,21.78,0.0,,1,2018-08-26 00:00:00,6,August,3,2018,,,Processed,Credit Card,,Online,General Marketing
11392,71,10053,6815,10053,1,1,139.89,139.89,27.977999999999998,0.0,,1,2018-08-26 00:00:00,6,August,3,2018,,,Processed,Credit Card,,Online,General Marketing
11694,71,10324,6947,10324,1,1,220.0,220.0,44.0,0.0,,1,2018-08-26 00:00:00,6,August,3,2018,,,Processed,Credit Card,,Online,General Marketing
14935,71,13160,1117,13160,1,1,59.7,59.7,11.940000000000001,0.0,,1,2018-08-26 00:00:00,6,August,3,2018,,,Processed,Credit Card,,Online,General Marketing
15290,71,13468,8456,13468,1,1,79.9,79.9,15.980000000000002,0.0,,1,2018-08-26 00:00:00,6,August,3,2018,,,Processed,Credit Card,,Online,General Marketing
15429,71,13590,2946,13590,1,1,35.9,35.9,7.18,0.0,,1,2018-08-26 00:00:00,6,August,3,2018,,,Processed,Credit Card,,Online,General Marketing
15963,71,14062,4517,14062,1,1,30.0,30.0,6.0,0.0,,1,2018-08-26 00:00:00,6,August,3,2018,,,Processed,Credit Card,,Online,General Marketing
16439,71,14477,8932,14477,1,1,67.9,67.9,13.580000000000002,0.0,,1,2018-08-26 00:00:00,6,August,3,2018,,,Processed,Credit Card,,Online,General Marketing
19792,71,17359,10231,17359,1,1,169.0,169.0,33.800000000000004,0.0,,1,2018-08-26 00:00:00,6,August,3,2018,,,Processed,Credit Card,,Online,General Marketing
26489,71,23223,12660,23223,1,1,299.0,299.0,59.800000000000004,0.0,,1,2018-08-26 00:00:00,6,August,3,2018,,,Processed,Credit Card,,Online,General Marketing
28122,71,24643,13241,24643,1,1,12.99,12.99,2.5980000000000003,0.0,,1,2018-08-26 00:00:00,6,August,3,2018,,,Processed,Credit Card,,Online,General Marketing
30851,71,27011,14084,27011,1,1,59.0,59.0,11.8,0.0,,1,2018-08-26 00:00:00,6,August,3,2018,,,Processed,Credit Card,,Online,General Marketing
31327,71,27435,1594,27435,1,1,299.99,299.99,59.998000000000005,0.0,,1,2018-08-26 00:00:00,6,August,3,2018,,,Processed,Credit Card,,Online,General Marketing
32204,71,28208,14520,28208,1,1,102.0,102.0,20.400000000000002,0.0,,1,2018-08-26 00:00:00,6,August,3,2018,,,Processed,Credit Card,,Online,General Marketing
34811,71,30469,15339,30469,1,1,196.8,196.8,39.36000000000001,0.0,,1,2018-08-26 00:00:00,6,August,3,2018,,,Processed,Credit Card,,Online,General Marketing
35954,71,31479,15677,31479,1,1,119.0,119.0,23.8,0.0,,1,2018-08-26 00:00:00,6,August,3,2018,,,Processed,Credit Card,,Online,General Marketing
37526,71,32845,16113,32845,1,1,9.99,9.99,1.9980000000000002,0.0,,1,2018-08-26 00:00:00,6,August,3,2018,,,Processed,Credit Card,,Online,General Marketing
38964,71,34134,5618,34134,1,1,110.32,110.32,22.064,0.0,,1,2018-08-26 00:00:00,6,August,3,2018,,,Processed,Credit Card,,Online,General Marketing
39372,71,34496,680,34496,1,1,63.99,63.99,12.798000000000002,0.0,,1,2018-08-26 00:00:00,6,August,3,2018,,,Processed,Credit Card,,Online,General Marketing
43090,71,37759,2613,37759,1,1,20.9,20.9,4.18,0.0,,1,2018-08-26 00:00:00,6,August,3,2018,,,Processed,Credit Card,,Online,General Marketing
43670,71,38268,9932,38268,1,1,20.0,20.0,4.0,0.0,,1,2018-08-26 00:00:00,6,August,3,2018,,,Processed,Credit Card,,Online,General Marketing
44432,71,38929,18116,38929,1,1,22.9,22.9,4.58,0.0,,1,2018-08-26 00:00:00,6,August,3,2018,,,Processed,Credit Card,,Online,General Marketing
44433,71,38929,18117,38929,1,1,19.9,19.9,3.98,0.0,,1,2018-08-26 00:00:00,6,August,3,2018,,,Processed,Credit Card,,Online,General Marketing
44434,71,38929,4973,38929,1,1,7.5,7.5,1.5,0.0,,1,2018-08-26 00:00:00,6,August,3,2018,,,Processed,Credit Card,,Online,General Marketing
44791,71,39242,18212,39242,1,1,25.99,25.99,5.198,0.0,,1,2018-08-26 00:00:00,6,August,3,2018,,,Processed,Credit Card,,Online,General Marketing
44808,71,39259,1011,39259,1,1,1240.0,1240.0,248.0,0.0,,1,2018-08-26 00:00:00,6,August,3,2018,,,Processed,Credit Card,,Online,General Marketing
51281,71,44978,7841,44978,1,1,96.99,96.99,19.398,0.0,,1,2018-08-26 00:00:00,6,August,3,2018,,,Processed,Credit Card,,Online,General Marketing
52407,71,45959,1409,45959,1,1,74.9,74.9,14.980000000000002,0.0,,1,2018-08-26 00:00:00,6,August,3,2018,,,Processed,Credit Card,,Online,General Marketing
52523,71,46064,5404,46064,1,1,15.0,15.0,3.0,0.0,,1,2018-08-26 00:00:00,6,August,3,2018,,,Processed,Credit Card,,Online,General Marketing
53536,71,46920,20520,46920,1,1,18.63,18.63,3.726,0.0,,1,2018-08-26 00:00:00,6,August,3,2018,,,Processed,Credit Card,,Online,General Marketing
53537,71,46920,20521,46920,1,1,44.9,44.9,8.98,0.0,,1,2018-08-26 00:00:00,6,August,3,2018,,,Processed,Credit Card,,Online,General Marketing
55583,71,48734,21051,48734,1,1,59.9,59.9,11.98,0.0,,1,2018-08-26 00:00:00,6,August,3,2018,,,Processed,Credit Card,,Online,General Marketing
57423,71,50339,3531,50339,1,1,103.9,103.9,20.78,0.0,,1,2018-08-26 00:00:00,6,August,3,2018,,,Processed,Credit Card,,Online,General Marketing
58669,71,51427,2302,51427,1,1,14.9,14.9,2.9800000000000004,0.0,,1,2018-08-26 00:00:00,6,August,3,2018,,,Processed,Credit Card,,Online,General Marketing
61743,71,54121,20002,54121,1,1,27.9,27.9,5.58,0.0,,1,2018-08-26 00:00:00,6,August,3,2018,,,Processed,Credit Card,,Online,General Marketing
63167,71,55374,4996,55374,1,1,51.9,51.9,10.38,0.0,,1,2018-08-26 00:00:00,6,August,3,2018,,,Processed,Credit Card,,Online,General Marketing
63209,71,55414,22889,55414,1,1,11.99,11.99,2.398,0.0,,1,2018-08-26 00:00:00,6,August,3,2018,,,Processed,Credit Card,,Online,General Marketing
63210,71,55414,22889,55414,1,1,11.99,11.99,2.398,0.0,,1,2018-08-26 00:00:00,6,August,3,2018,,,Processed,Credit Card,,Online,General Marketing
63302,71,55497,22912,55497,1,1,139.9,139.9,27.980000000000004,0.0,,1,2018-08-26 00:00:00,6,August,3,2018,,,Processed,Credit Card,,Online,General Marketing
64972,71,56973,6561,56973,1,1,99.98,99.98,19.996000000000002,0.0,,1,2018-08-26 00:00:00,6,August,3,2018,,,Processed,Credit Card,,Online,General Marketing
65354,71,57313,21243,57313,1,1,8.49,8.49,1.6980000000000002,0.0,,1,2018-08-26 00:00:00,6,August,3,2018,,,Processed,Credit Card,,Online,General Marketing
65366,71,57322,23370,57322,1,1,20.9,20.9,4.18,0.0,,1,2018-08-26 00:00:00,6,August,3,2018,,,Processed,Credit Card,,Online,General Marketing
65775,71,57677,10790,57677,1,1,149.9,149.9,29.980000000000004,0.0,,1,2018-08-26 00:00:00,6,August,3,2018,,,Processed,Credit Card,,Online,General Marketing
65776,71,57677,10790,57677,1,1,149.9,149.9,29.980000000000004,0.0,,1,2018-08-26 00:00:00,6,August,3,2018,,,Processed,Credit Card,,Online,General Marketing
67428,71,59154,23839,59154,1,1,220.0,220.0,44.0,0.0,,1,2018-08-26 00:00:00,6,August,3,2018,,,Processed,Credit Card,,Online,General Marketing
68919,71,60457,940,60457,1,1,42.0,42.0,8.4,0.0,,1,2018-08-26 00:00:00,6,August,3,2018,,,Processed,Credit Card,,Online,General Marketing
70918,71,62177,13051,62177,1,1,75.0,75.0,15.0,0.0,,1,2018-08-26 00:00:00,6,August,3,2018,,,Processed,Credit Card,,Online,General Marketing
71542,71,62731,5829,62731,1,1,48.9,48.9,9.780000000000001,0.0,,1,2018-08-26 00:00:00,6,August,3,2018,,,Processed,Credit Card,,Online,General Marketing
72158,71,63262,11766,63262,1,1,199.0,199.0,39.800000000000004,0.0,,1,2018-08-26 00:00:00,6,August,3,2018,,,Processed,Credit Card,,Online,General Marketing
74940,71,65653,269,65653,1,1,330.0,330.0,66.0,0.0,,1,2018-08-26 00:00:00,6,August,3,2018,,,Processed,Credit Card,,Online,General Marketing
77556,71,67959,26059,67959,1,1,29.9,29.9,5.98,0.0,,1,2018-08-26 00:00:00,6,August,3,2018,,,Processed,Credit Card,,Online,General Marketing
77557,71,67959,26060,67959,1,1,31.9,31.9,6.38,0.0,,1,2018-08-26 00:00:00,6,August,3,2018,,,Processed,Credit Card,,Online,General Marketing
77569,71,67969,17484,67969,1,1,89.9,89.9,17.98,0.0,,1,2018-08-26 00:00:00,6,August,3,2018,,,Processed,Credit Card,,Online,General Marketing
83693,71,73376,27292,73376,1,1,17.5,17.5,3.5,0.0,,1,2018-08-26 00:00:00,6,August,3,2018,,,Processed,Credit Card,,Online,General Marketing
85715,71,75146,27672,75146,1,1,76.0,76.0,15.200000000000001,0.0,,1,2018-08-26 00:00:00,6,August,3,2018,,,Processed,Credit Card,,Online,General Marketing
85926,71,75324,3984,75324,1,1,69.9,69.9,13.980000000000002,0.0,,1,2018-08-26 00:00:00,6,August,3,2018,,,Processed,Credit Card,,Online,General Marketing
85927,71,75324,3984,75324,1,1,69.9,69.9,13.980000000000002,0.0,,1,2018-08-26 00:00:00,6,August,3,2018,,,Processed,Credit Card,,Online,General Marketing
87210,71,76463,27980,76463,1,1,13.59,13.59,2.718,0.0,,1,2018-08-26 00:00:00,6,August,3,2018,,,Processed,Credit Card,,Online,General Marketing
87290,71,76530,21232,76530,1,1,38.67,38.67,7.734000000000001,0.0,,1,2018-08-26 00:00:00,6,August,3,2018,,,Processed,Credit Card,,Online,General Marketing
87537,71,76755,2302,76755,1,1,14.9,14.9,2.9800000000000004,0.0,,1,2018-08-26 00:00:00,6,August,3,2018,,,Processed,Credit Card,,Online,General Marketing
87631,71,76834,4858,76834,1,1,85.0,85.0,17.0,0.0,,1,2018-08-26 00:00:00,6,August,3,2018,,,Processed,Credit Card,,Online,General Marketing
88115,71,77280,10444,77280,1,1,18.99,18.99,3.798,0.0,,1,2018-08-26 00:00:00,6,August,3,2018,,,Processed,Credit Card,,Online,General Marketing
89628,71,78606,18856,78606,1,1,119.0,119.0,23.8,0.0,,1,2018-08-26 00:00:00,6,August,3,2018,,,Processed,Credit Card,,Online,General Marketing
91439,71,80184,19331,80184,1,1,18.99,18.99,3.798,0.0,,1,2018-08-26 00:00:00,6,August,3,2018,,,Processed,Credit Card,,Online,General Marketing
91440,71,80184,19332,80184,1,1,18.99,18.99,3.798,0.0,,1,2018-08-26 00:00:00,6,August,3,2018,,,Processed,Credit Card,,Online,General Marketing
96615,71,84700,832,84700,1,1,29.9,29.9,5.98,0.0,,1,2018-08-26 00:00:00,6,August,3,2018,,,Processed,Credit Card,,Online,General Marketing
98473,71,86311,13739,86311,1,1,124.95,124.95,24.990000000000002,0.0,,1,2018-08-26 00:00:00,6,August,3,2018,,,Processed,Credit Card,,Online,General Marketing
98927,71,86720,507,86720,1,1,85.9,85.9,17.180000000000003,0.0,,1,2018-08-26 00:00:00,6,August,3,2018,,,Processed,Credit Card,,Online,General Marketing
100323,71,87925,4858,87925,1,1,85.0,85.0,17.0,0.0,,1,2018-08-26 00:00:00,6,August,3,2018,,,Processed,Credit Card,,Online,General Marketing
100562,71,88135,2837,88135,1,1,130.0,130.0,26.0,0.0,,1,2018-08-26 00:00:00,6,August,3,2018,,,Processed,Credit Card,,Online,General Marketing
102008,71,89374,30802,89374,1,1,184.9,184.9,36.980000000000004,0.0,,1,2018-08-26 00:00:00,6,August,3,2018,,,Processed,Credit Card,,Online,General Marketing
102417,71,89720,2613,89720,1,1,20.9,20.9,4.18,0.0,,1,2018-08-26 00:00:00,6,August,3,2018,,,Processed,Credit Card,,Online,General Marketing
106519,71,93261,507,93261,1,1,85.9,85.9,17.180000000000003,0.0,,1,2018-08-26 00:00:00,6,August,3,2018,,,Processed,Credit Card,,Online,General Marketing
107045,71,93737,31668,93737,1,1,149.0,149.0,29.8,0.0,,1,2018-08-26 00:00:00,6,August,3,2018,,,Processed,Credit Card,,Online,General Marketing
108734,71,95225,31961,95225,1,1,129.0,129.0,25.8,0.0,,1,2018-08-26 00:00:00,6,August,3,2018,,,Processed,Credit Card,,Online,General Marketing
109963,71,96276,288,96276,1,1,79.0,79.0,15.8,0.0,,1,2018-08-26 00:00:00,6,August,3,2018,,,Processed,Credit Card,,Online,General Marketing
383,240,337,332,337,1,1,69.0,69.0,13.8,0.0,,1,2018-08-24 00:00:00,4,August,3,2018,,,Processed,Credit Card,,Online,General Marketing
774,240,670,647,670,1,1,49.0,49.0,9.8,0.0,,1,2018-08-24 00:00:00,4,August,3,2018,,,Processed,Credit Card,,Online,General Marketing
775,240,670,648,670,1,1,55.0,55.0,11.0,0.0,,1,2018-08-24 00:00:00,4,August,3,2018,,,Processed,Credit Card,,Online,General Marketing
1953,240,1716,1525,1716,1,1,48.9,48.9,9.780000000000001,0.0,,1,2018-08-24 00:00:00,4,August,3,2018,,,Processed,Credit Card,,Online,General Marketing
2604,240,2291,520,2291,1,1,49.0,49.0,9.8,0.0,,1,2018-08-24 00:00:00,4,August,3,2018,,,Processed,Credit Card,,Online,General Marketing
4673,240,4141,3311,4141,1,1,39.0,39.0,7.800000000000001,0.0,,1,2018-08-24 00:00:00,4,August,3,2018,,,Processed,Credit Card,,Online,General Marketing
4840,240,4289,1150,4289,1,1,54.0,54.0,10.8,0.0,,1,2018-08-24 00:00:00,4,August,3,2018,,,Processed,Credit Card,,Online,General Marketing
8326,240,7336,5287,7336,1,1,320.0,320.0,64.0,0.0,,1,2018-08-24 00:00:00,4,August,3,2018,,,Processed,Credit Card,,Online,General Marketing
10188,240,8976,6220,8976,1,1,35.0,35.0,7.0,0.0,,1,2018-08-24 00:00:00,4,August,3,2018,,,Processed,Credit Card,,Online,General Marketing
11706,240,10334,6955,10334,1,1,269.0,269.0,53.800000000000004,0.0,,1,2018-08-24 00:00:00,4,August,3,2018,,,Processed,Credit Card,,Online,General Marketing
12064,240,10635,7115,10635,1,1,138.9,138.9,27.78,0.0,,1,2018-08-24 00:00:00,4,August,3,2018,,,Processed,Credit Card,,Online,General Marketing
15757,240,13874,8658,13874,1,1,50.0,50.0,10.0,0.0,,1,2018-08-24 00:00:00,4,August,3,2018,,,Processed,Credit Card,,Online,General Marketing
15774,240,13891,7454,13891,1,1,52.9,52.9,10.58,0.0,,1,2018-08-24 00:00:00,4,August,3,2018,,,Processed,Credit Card,,Online,General Marketing
16007,240,14098,8755,14098,1,1,29.15,29.15,5.83,0.0,,1,2018-08-24 00:00:00,4,August,3,2018,,,Processed,Credit Card,,Online,General Marketing
17983,240,15801,236,15801,1,1,65.0,65.0,13.0,0.0,,1,2018-08-24 00:00:00,4,August,3,2018,,,Processed,Credit Card,,Online,General Marketing
20792,240,18241,10595,18241,1,1,55.5,55.5,11.100000000000001,0.0,,1,2018-08-24 00:00:00,4,August,3,2018,,,Processed,Credit Card,,Online,General Marketing
21049,240,18471,2916,18471,1,1,174.0,174.0,34.800000000000004,0.0,,1,2018-08-24 00:00:00,4,August,3,2018,,,Processed,Credit Card,,Online,General Marketing
21050,240,18471,332,18471,1,1,69.0,69.0,13.8,0.0,,1,2018-08-24 00:00:00,4,August,3,2018,,,Processed,Credit Card,,Online,General Marketing
21687,240,19024,10916,19024,1,1,149.0,149.0,29.8,0.0,,1,2018-08-24 00:00:00,4,August,3,2018,,,Processed,Credit Card,,Online,General Marketing
21857,240,19176,10981,19176,1,1,55.0,55.0,11.0,0.0,,1,2018-08-24 00:00:00,4,August,3,2018,,,Processed,Credit Card,,Online,General Marketing
22346,240,19600,11153,19600,1,1,19.0,19.0,3.8000000000000003,0.0,,1,2018-08-24 00:00:00,4,August,3,2018,,,Processed,Credit Card,,Online,General Marketing
22562,240,19790,11240,19790,1,1,28.82,28.82,5.764,0.0,,1,2018-08-24 00:00:00,4,August,3,2018,,,Processed,Credit Card,,Online,General Marketing
22987,240,20163,4858,20163,1,1,79.0,79.0,15.8,0.0,,1,2018-08-24 00:00:00,4,August,3,2018,,,Processed,Credit Card,,Online,General Marketing
23059,240,20229,11433,20229,1,1,44.9,44.9,8.98,0.0,,1,2018-08-24 00:00:00,4,August,3,2018,,,Processed,Credit Card,,Online,General Marketing
26032,240,22828,12498,22828,1,1,289.0,289.0,57.800000000000004,0.0,,1,2018-08-24 00:00:00,4,August,3,2018,,,Processed,Credit Card,,Online,General Marketing
26052,240,22844,12507,22844,1,1,99.9,99.9,19.980000000000004,0.0,,1,2018-08-24 00:00:00,4,August,3,2018,,,Processed,Credit Card,,Online,General Marketing
28263,240,24768,1104,24768,1,1,51.9,51.9,10.38,0.0,,1,2018-08-24 00:00:00,4,August,3,2018,,,Processed,Credit Card,,Online,General Marketing
30682,240,26862,5346,26862,1,1,179.0,179.0,35.800000000000004,0.0,,1,2018-08-24 00:00:00,4,August,3,2018,,,Processed,Credit Card,,Online,General Marketing
30921,240,27075,14099,27075,1,1,57.0,57.0,11.4,0.0,,1,2018-08-24 00:00:00,4,August,3,2018,,,Processed,Credit Card,,Online,General Marketing
30952,240,27101,14108,27101,1,1,49.9,49.9,9.98,0.0,,1,2018-08-24 00:00:00,4,August,3,2018,,,Processed,Credit Card,,Online,General Marketing
31110,240,27241,14161,27241,1,1,219.0,219.0,43.800000000000004,0.0,,1,2018-08-24 00:00:00,4,August,3,2018,,,Processed,Credit Card,,Online,General Marketing
31830,240,27890,14404,27890,1,1,109.9,109.9,21.980000000000004,0.0,,1,2018-08-24 00:00:00,4,August,3,2018,,,Processed,Credit Card,,Online,General Marketing
32115,240,28131,14494,28131,1,1,50.0,50.0,10.0,0.0,,1,2018-08-24 00:00:00,4,August,3,2018,,,Processed,Credit Card,,Online,General Marketing
32347,240,28335,507,28335,1,1,85.9,85.9,17.180000000000003,0.0,,1,2018-08-24 00:00:00,4,August,3,2018,,,Processed,Credit Card,,Online,General Marketing
32535,240,28488,6959,28488,1,1,24.0,24.0,4.800000000000001,0.0,,1,2018-08-24 00:00:00,4,August,3,2018,,,Processed,Credit Card,,Online,General Marketing
34213,240,29953,15156,29953,1,1,62.49,62.49,12.498000000000001,0.0,,1,2018-08-24 00:00:00,4,August,3,2018,,,Processed,Credit Card,,Online,General Marketing
34214,240,29953,15156,29953,1,1,62.49,62.49,12.498000000000001,0.0,,1,2018-08-24 00:00:00,4,August,3,2018,,,Processed,Credit Card,,Online,General Marketing
34761,240,30426,832,30426,1,1,29.9,29.9,5.98,0.0,,1,2018-08-24 00:00:00,4,August,3,2018,,,Processed,Credit Card,,Online,General Marketing
34947,240,30581,15375,30581,1,1,143.9,143.9,28.78,0.0,,1,2018-08-24 00:00:00,4,August,3,2018,,,Processed,Credit Card,,Online,General Marketing
35684,240,31236,15605,31236,1,1,109.9,109.9,21.980000000000004,0.0,,1,2018-08-24 00:00:00,4,August,3,2018,,,Processed,Credit Card,,Online,General Marketing
35685,240,31236,15606,31236,1,1,26.99,26.99,5.398,0.0,,1,2018-08-24 00:00:00,4,August,3,2018,,,Processed,Credit Card,,Online,General Marketing
36511,240,31961,5148,31961,1,1,38.0,38.0,7.6000000000000005,0.0,,1,2018-08-24 00:00:00,4,August,3,2018,,,Processed,Credit Card,,Online,General Marketing
38201,240,33456,15680,33456,1,1,112.99,112.99,22.598,0.0,,1,2018-08-24 00:00:00,4,August,3,2018,,,Processed,Credit Card,,Online,General Marketing
42077,240,36860,17442,36860,1,1,244.99,244.99,48.998000000000005,0.0,,1,2018-08-24 00:00:00,4,August,3,2018,,,Processed,Credit Card,,Online,General Marketing
42341,240,37099,17526,37099,1,1,191.0,191.0,38.2,0.0,,1,2018-08-24 00:00:00,4,August,3,2018,,,Processed,Credit Card,,Online,General Marketing
42764,240,37471,7472,37471,1,1,100.49,100.49,20.098,0.0,,1,2018-08-24 00:00:00,4,August,3,2018,,,Processed,Credit Card,,Online,General Marketing
44324,240,38834,18089,38834,1,1,125.0,125.0,25.0,0.0,,1,2018-08-24 00:00:00,4,August,3,2018,,,Processed,Credit Card,,Online,General Marketing
44325,240,38834,18089,38834,1,1,125.0,125.0,25.0,0.0,,1,2018-08-24 00:00:00,4,August,3,2018,,,Processed,Credit Card,,Online,General Marketing
44651,240,39119,342,39119,1,1,104.0,104.0,20.8,0.0,,1,2018-08-24 00:00:00,4,August,3,2018,,,Processed,Credit Card,,Online,General Marketing
45085,240,39496,813,39496,1,1,77.0,77.0,15.4,0.0,,1,2018-08-24 00:00:00,4,August,3,2018,,,Processed,Credit Card,,Online,General Marketing
45630,240,39979,11414,39979,1,1,79.49,79.49,15.898,0.0,,1,2018-08-24 00:00:00,4,August,3,2018,,,Processed,Credit Card,,Online,General Marketing
45725,240,40059,7295,40059,1,1,38.0,38.0,7.6000000000000005,0.0,,1,2018-08-24 00:00:00,4,August,3,2018,,,Processed,Credit Card,,Online,General Marketing
47370,240,41504,6050,41504,1,1,19.9,19.9,3.98,0.0,,1,2018-08-24 00:00:00,4,August,3,2018,,,Processed,Credit Card,,Online,General Marketing
47456,240,41577,2336,41577,1,1,14.49,14.49,2.898,0.0,,1,2018-08-24 00:00:00,4,August,3,2018,,,Processed,Credit Card,,Online,General Marketing
48054,240,42093,2051,42093,1,1,115.99,115.99,23.198,0.0,,1,2018-08-24 00:00:00,4,August,3,2018,,,Processed,Credit Card,,Online,General Marketing
48818,240,42772,19352,42772,1,1,220.0,220.0,44.0,0.0,,1,2018-08-24 00:00:00,4,August,3,2018,,,Processed,Credit Card,,Online,General Marketing
49038,240,42973,15536,42973,1,1,44.99,44.99,8.998000000000001,0.0,,1,2018-08-24 00:00:00,4,August,3,2018,,,Processed,Credit Card,,Online,General Marketing
49258,240,43160,14277,43160,1,1,38.25,38.25,7.65,0.0,,1,2018-08-24 00:00:00,4,August,3,2018,,,Processed,Credit Card,,Online,General Marketing
52673,240,46193,20320,46193,1,1,17.99,17.99,3.598,0.0,,1,2018-08-24 00:00:00,4,August,3,2018,,,Processed,Credit Card,,Online,General Marketing
52674,240,46193,5191,46193,1,1,88.9,88.9,17.78,0.0,,1,2018-08-24 00:00:00,4,August,3,2018,,,Processed,Credit Card,,Online,General Marketing
52675,240,46193,20321,46193,1,1,18.6,18.6,3.7200000000000006,0.0,,1,2018-08-24 00:00:00,4,August,3,2018,,,Processed,Credit Card,,Online,General Marketing
52676,240,46193,20322,46193,1,1,13.9,13.9,2.7800000000000002,0.0,,1,2018-08-24 00:00:00,4,August,3,2018,,,Processed,Credit Card,,Online,General Marketing
52677,240,46193,20323,46193,1,1,6.9,6.9,1.3800000000000001,0.0,,1,2018-08-24 00:00:00,4,August,3,2018,,,Processed,Credit Card,,Online,General Marketing
52678,240,46193,20324,46193,1,1,16.9,16.9,3.38,0.0,,1,2018-08-24 00:00:00,4,August,3,2018,,,Processed,Credit Card,,Online,General Marketing
53110,240,46555,68,46555,1,1,45.97,45.97,9.194,0.0,,1,2018-08-24 00:00:00,4,August,3,2018,,,Processed,Credit Card,,Online,General Marketing
53512,240,46899,1147,46899,1,1,24.99,24.99,4.998,0.0,,1,2018-08-24 00:00:00,4,August,3,2018,,,Processed,Credit Card,,Online,General Marketing
53513,240,46899,1147,46899,1,1,24.99,24.99,4.998,0.0,,1,2018-08-24 00:00:00,4,August,3,2018,,,Processed,Credit Card,,Online,General Marketing
54463,240,47712,2051,47712,1,1,115.99,115.99,23.198,0.0,,1,2018-08-24 00:00:00,4,August,3,2018,,,Processed,Credit Card,,Online,General Marketing
54794,240,48010,2415,48010,1,1,134.9,134.9,26.980000000000004,0.0,,1,2018-08-24 00:00:00,4,August,3,2018,,,Processed,Credit Card,,Online,General Marketing
55235,240,48419,5784,48419,1,1,29.99,29.99,5.998,0.0,,1,2018-08-24 00:00:00,4,August,3,2018,,,Processed,Credit Card,,Online,General Marketing
56259,240,49329,6838,49329,1,1,32.0,32.0,6.4,0.0,,1,2018-08-24 00:00:00,4,August,3,2018,,,Processed,Credit Card,,Online,General Marketing
57207,240,50159,21435,50159,1,1,49.99,49.99,9.998000000000001,0.0,,1,2018-08-24 00:00:00,4,August,3,2018,,,Processed,Credit Card,,Online,General Marketing
57208,240,50159,21436,50159,1,1,32.9,32.9,6.58,0.0,,1,2018-08-24 00:00:00,4,August,3,2018,,,Processed,Credit Card,,Online,General Marketing
59189,240,51891,12006,51891,1,1,39.0,39.0,7.800000000000001,0.0,,1,2018-08-24 00:00:00,4,August,3,2018,,,Processed,Credit Card,,Online,General Marketing
60221,240,52784,2100,52784,1,1,160.0,160.0,32.0,0.0,,1,2018-08-24 00:00:00,4,August,3,2018,,,Processed,Credit Card,,Online,General Marketing
64797,240,56813,23242,56813,1,1,11.35,11.35,2.27,0.0,,1,2018-08-24 00:00:00,4,August,3,2018,,,Processed,Credit Card,,Online,General Marketing
65163,240,57138,10770,57138,1,1,103.0,103.0,20.6,0.0,,1,2018-08-24 00:00:00,4,August,3,2018,,,Processed,Credit Card,,Online,General Marketing
67829,240,59490,14680,59490,1,1,207.0,207.0,41.400000000000006,0.0,,1,2018-08-24 00:00:00,4,August,3,2018,,,Processed,Credit Card,,Online,General Marketing
68300,240,59922,24070,59922,1,1,29.9,29.9,5.98,0.0,,1,2018-08-24 00:00:00,4,August,3,2018,,,Processed,Credit Card,,Online,General Marketing
69484,240,60941,24338,60941,1,1,19.9,19.9,3.98,0.0,,1,2018-08-24 00:00:00,4,August,3,2018,,,Processed,Credit Card,,Online,General Marketing
69571,240,61017,24357,61017,1,1,3.98,3.98,0.796,0.0,,1,2018-08-24 00:00:00,4,August,3,2018,,,Processed,Credit Card,,Online,General Marketing
69572,240,61017,24357,61017,1,1,3.98,3.98,0.796,0.0,,1,2018-08-24 00:00:00,4,August,3,2018,,,Processed,Credit Card,,Online,General Marketing
69573,240,61017,24357,61017,1,1,3.98,3.98,0.796,0.0,,1,2018-08-24 00:00:00,4,August,3,2018,,,Processed,Credit Card,,Online,General Marketing
69574,240,61017,24357,61017,1,1,3.98,3.98,0.796,0.0,,1,2018-08-24 00:00:00,4,August,3,2018,,,Processed,Credit Card,,Online,General Marketing
69575,240,61017,24357,61017,1,1,3.98,3.98,0.796,0.0,,1,2018-08-24 00:00:00,4,August,3,2018,,,Processed,Credit Card,,Online,General Marketing
69576,240,61017,24357,61017,1,1,3.98,3.98,0.796,0.0,,1,2018-08-24 00:00:00,4,August,3,2018,,,Processed,Credit Card,,Online,General Marketing
71694,240,62868,24827,62868,1,1,47.83,47.83,9.566,0.0,,1,2018-08-24 00:00:00,4,August,3,2018,,,Processed,Credit Card,,Online,General Marketing
71768,240,62931,3499,62931,1,1,55.0,55.0,11.0,0.0,,1,2018-08-24 00:00:00,4,August,3,2018,,,Processed,Credit Card,,Online,General Marketing
71888,240,63038,24869,63038,1,1,129.0,129.0,25.8,0.0,,1,2018-08-24 00:00:00,4,August,3,2018,,,Processed,Credit Card,,Online,General Marketing
74939,240,65652,7107,65652,1,1,74.0,74.0,14.8,0.0,,1,2018-08-24 00:00:00,4,August,3,2018,,,Processed,Credit Card,,Online,General Marketing
75750,240,66382,10663,66382,1,1,109.9,109.9,21.980000000000004,0.0,,1,2018-08-24 00:00:00,4,August,3,2018,,,Processed,Credit Card,,Online,General Marketing
76153,240,66722,25765,66722,1,1,30.0,30.0,6.0,0.0,,1,2018-08-24 00:00:00,4,August,3,2018,,,Processed,Credit Card,,Online,General Marketing
77656,240,68038,26083,68038,1,1,189.0,189.0,37.800000000000004,0.0,,1,2018-08-24 00:00:00,4,August,3,2018,,,Processed,Credit Card,,Online,General Marketing
77889,240,68242,26136,68242,1,1,149.0,149.0,29.8,0.0,,1,2018-08-24 00:00:00,4,August,3,2018,,,Processed,Credit Card,,Online,General Marketing
81437,240,71372,17019,71372,1,1,89.99,89.99,17.998,0.0,,1,2018-08-24 00:00:00,4,August,3,2018,,,Processed,Credit Card,,Online,General Marketing
82873,240,72648,11018,72648,1,1,59.9,59.9,11.98,0.0,,1,2018-08-24 00:00:00,4,August,3,2018,,,Processed,Credit Card,,Online,General Marketing
83286,240,73015,14299,73015,1,1,85.9,85.9,17.180000000000003,0.0,,1,2018-08-24 00:00:00,4,August,3,2018,,,Processed,Credit Card,,Online,General Marketing
83287,240,73015,27213,73015,1,1,89.0,89.0,17.8,0.0,,1,2018-08-24 00:00:00,4,August,3,2018,,,Processed,Credit Card,,Online,General Marketing
83878,240,73541,24047,73541,1,1,399.9,399.9,79.98,0.0,,1,2018-08-24 00:00:00,4,August,3,2018,,,Processed,Credit Card,,Online,General Marketing
84386,240,73996,27431,73996,1,1,19.15,19.15,3.83,0.0,,1,2018-08-24 00:00:00,4,August,3,2018,,,Processed,Credit Card,,Online,General Marketing
88508,240,77627,1699,77627,1,1,84.99,84.99,16.998,0.0,,1,2018-08-24 00:00:00,4,August,3,2018,,,Processed,Credit Card,,Online,General Marketing
90252,240,79149,9688,79149,1,1,100.59,100.59,20.118000000000002,0.0,,1,2018-08-24 00:00:00,4,August,3,2018,,,Processed,Credit Card,,Online,General Marketing
92154,240,80790,28939,80790,1,1,38.9,38.9,7.78,0.0,,1,2018-08-24 00:00:00,4,August,3,2018,,,Processed,Credit Card,,Online,General Marketing
92155,240,80790,507,80790,1,1,85.9,85.9,17.180000000000003,0.0,,1,2018-08-24 00:00:00,4,August,3,2018,,,Processed,Credit Card,,Online,General Marketing
96779,240,84839,29829,84839,1,1,88.0,88.0,17.6,0.0,,1,2018-08-24 00:00:00,4,August,3,2018,,,Processed,Credit Card,,Online,General Marketing
98480,240,86318,30168,86318,1,1,25.5,25.5,5.1000000000000005,0.0,,1,2018-08-24 00:00:00,4,August,3,2018,,,Processed,Credit Card,,Online,General Marketing
101025,240,88542,10770,88542,1,1,103.0,103.0,20.6,0.0,,1,2018-08-24 00:00:00,4,August,3,2018,,,Processed,Credit Card,,Online,General Marketing
103734,240,90869,14404,90869,1,1,109.9,109.9,21.980000000000004,0.0,,1,2018-08-24 00:00:00,4,August,3,2018,,,Processed,Credit Card,,Online,General Marketing
104484,240,91486,13044,91486,1,1,99.0,99.0,19.8,0.0,,1,2018-08-24 00:00:00,4,August,3,2018,,,Processed,Credit Card,,Online,General Marketing
104768,240,91738,31260,91738,1,1,51.5,51.5,10.3,0.0,,1,2018-08-24 00:00:00,4,August,3,2018,,,Processed,Credit Card,,Online,General Marketing
104918,240,91878,15617,91878,1,1,74.31,74.31,14.862000000000002,0.0,,1,2018-08-24 00:00:00,4,August,3,2018,,,Processed,Credit Card,,Online,General Marketing
105210,240,92116,14600,92116,1,1,57.99,57.99,11.598,0.0,,1,2018-08-24 00:00:00,4,August,3,2018,,,Processed,Credit Card,,Online,General Marketing
105704,240,92545,31434,92545,1,1,340.0,340.0,68.0,0.0,,1,2018-08-24 00:00:00,4,August,3,2018,,,Processed,Credit Card,,Online,General Marketing
106827,240,93537,3792,93537,1,1,49.9,49.9,9.98,0.0,,1,2018-08-24 00:00:00,4,August,3,2018,,,Processed,Credit Card,,Online,General Marketing
107549,240,94185,31746,94185,1,1,15.9,15.9,3.18,0.0,,1,2018-08-24 00:00:00,4,August,3,2018,,,Processed,Credit Card,,Online,General Marketing
589,324,515,500,515,1,1,39.9,39.9,7.98,0.0,,1,2018-08-27 00:00:00,0,August,3,2018,,,Processed,Credit Card,,Online,General Marketing
2395,324,2102,1840,2102,1,1,22.6,22.6,4.5200000000000005,0.0,,1,2018-08-27 00:00:00,0,August,3,2018,,,Processed,Credit Card,,Online,General Marketing
3625,324,3214,2662,3214,1,1,34.0,34.0,6.800000000000001,0.0,,1,2018-08-27 00:00:00,0,August,3,2018,,,Processed,Credit Card,,Online,General Marketing
3720,324,3303,2717,3303,1,1,79.0,79.0,15.8,0.0,,1,2018-08-27 00:00:00,0,August,3,2018,,,Processed,Credit Card,,Online,General Marketing
3848,324,3413,2802,3413,1,1,24.99,24.99,4.998,0.0,,1,2018-08-27 00:00:00,0,August,3,2018,,,Processed,Credit Card,,Online,General Marketing
3944,324,3501,1793,3501,1,1,29.99,29.99,5.998,0.0,,1,2018-08-27 00:00:00,0,August,3,2018,,,Processed,Credit Card,,Online,General Marketing
3970,324,3527,2881,3527,1,1,62.0,62.0,12.4,0.0,,1,2018-08-27 00:00:00,0,August,3,2018,,,Processed,Credit Card,,Online,General Marketing
5337,324,4731,3710,4731,1,1,21.99,21.99,4.398,0.0,,1,2018-08-27 00:00:00,0,August,3,2018,,,Processed,Credit Card,,Online,General Marketing
6376,324,5638,4273,5638,1,1,95.4,95.4,19.080000000000002,0.0,,1,2018-08-27 00:00:00,0,August,3,2018,,,Processed,Credit Card,,Online,General Marketing
8807,324,7765,5513,7765,1,1,49.9,49.9,9.98,0.0,,1,2018-08-27 00:00:00,0,August,3,2018,,,Processed,Credit Card,,Online,General Marketing
12260,324,10807,3768,10807,1,1,49.9,49.9,9.98,0.0,,1,2018-08-27 00:00:00,0,August,3,2018,,,Processed,Credit Card,,Online,General Marketing
14471,324,12754,8141,12754,1,1,18.0,18.0,3.6,0.0,,1,2018-08-27 00:00:00,0,August,3,2018,,,Processed,Credit Card,,Online,General Marketing
16385,324,14427,7519,14427,1,1,17.0,17.0,3.4000000000000004,0.0,,1,2018-08-27 00:00:00,0,August,3,2018,,,Processed,Credit Card,,Online,General Marketing
16386,324,14427,7519,14427,1,1,17.0,17.0,3.4000000000000004,0.0,,1,2018-08-27 00:00:00,0,August,3,2018,,,Processed,Credit Card,,Online,General Marketing
16387,324,14427,7519,14427,1,1,17.0,17.0,3.4000000000000004,0.0,,1,2018-08-27 00:00:00,0,August,3,2018,,,Processed,Credit Card,,Online,General Marketing
18796,324,16483,9873,16483,1,1,110.77,110.77,22.154,0.0,,1,2018-08-27 00:00:00,0,August,3,2018,,,Processed,Credit Card,,Online,General Marketing
19638,324,17228,2385,17228,1,1,180.0,180.0,36.0,0.0,,1,2018-08-27 00:00:00,0,August,3,2018,,,Processed,Credit Card,,Online,General Marketing
20902,324,18336,7573,18336,1,1,19.9,19.9,3.98,0.0,,1,2018-08-27 00:00:00,0,August,3,2018,,,Processed,Credit Card,,Online,General Marketing
21059,324,18478,2523,18478,1,1,27.81,27.81,5.562,0.0,,1,2018-08-27 00:00:00,0,August,3,2018,,,Processed,Credit Card,,Online,General Marketing
22076,324,19364,8908,19364,1,1,57.9,57.9,11.58,0.0,,1,2018-08-27 00:00:00,0,August,3,2018,,,Processed,Credit Card,,Online,General Marketing
22833,324,20024,2106,20024,1,1,26.88,26.88,5.376,0.0,,1,2018-08-27 00:00:00,0,August,3,2018,,,Processed,Credit Card,,Online,General Marketing
23515,324,20641,10863,20641,1,1,19.9,19.9,3.98,0.0,,1,2018-08-27 00:00:00,0,August,3,2018,,,Processed,Credit Card,,Online,General Marketing
25520,324,22394,454,22394,1,1,106.9,106.9,21.380000000000003,0.0,,1,2018-08-27 00:00:00,0,August,3,2018,,,Processed,Credit Card,,Online,General Marketing
26109,324,22897,2337,22897,1,1,97.5,97.5,19.5,0.0,,1,2018-08-27 00:00:00,0,August,3,2018,,,Processed,Credit Card,,Online,General Marketing
26298,324,23061,21,23061,1,1,89.9,89.9,17.98,0.0,,1,2018-08-27 00:00:00,0,August,3,2018,,,Processed,Credit Card,,Online,General Marketing
26816,324,23516,5579,23516,1,1,49.9,49.9,9.98,0.0,,1,2018-08-27 00:00:00,0,August,3,2018,,,Processed,Credit Card,,Online,General Marketing
29051,324,25463,13547,25463,1,1,55.55,55.55,11.11,0.0,,1,2018-08-27 00:00:00,0,August,3,2018,,,Processed,Credit Card,,Online,General Marketing
30589,324,26794,5082,26794,1,1,49.0,49.0,9.8,0.0,,1,2018-08-27 00:00:00,0,August,3,2018,,,Processed,Credit Card,,Online,General Marketing
31321,324,27430,14233,27430,1,1,38.99,38.99,7.798000000000001,0.0,,1,2018-08-27 00:00:00,0,August,3,2018,,,Processed,Credit Card,,Online,General Marketing
31889,324,27938,1332,27938,1,1,64.0,64.0,12.8,0.0,,1,2018-08-27 00:00:00,0,August,3,2018,,,Processed,Credit Card,,Online,General Marketing
33134,324,29023,14834,29023,1,1,129.9,129.9,25.980000000000004,0.0,,1,2018-08-27 00:00:00,0,August,3,2018,,,Processed,Credit Card,,Online,General Marketing
34590,324,30281,2716,30281,1,1,48.9,48.9,9.780000000000001,0.0,,1,2018-08-27 00:00:00,0,August,3,2018,,,Processed,Credit Card,,Online,General Marketing
35733,324,31281,560,31281,1,1,44.9,44.9,8.98,0.0,,1,2018-08-27 00:00:00,0,August,3,2018,,,Processed,Credit Card,,Online,General Marketing
44066,324,38610,18020,38610,1,1,52.51,52.51,10.502,0.0,,1,2018-08-27 00:00:00,0,August,3,2018,,,Processed,Credit Card,,Online,General Marketing
46638,324,40861,18735,40861,1,1,15.9,15.9,3.18,0.0,,1,2018-08-27 00:00:00,0,August,3,2018,,,Processed,Credit Card,,Online,General Marketing
48228,324,42253,19171,42253,1,1,36.9,36.9,7.38,0.0,,1,2018-08-27 00:00:00,0,August,3,2018,,,Processed,Credit Card,,Online,General Marketing
48793,324,42753,19344,42753,1,1,192.9,192.9,38.580000000000005,0.0,,1,2018-08-27 00:00:00,0,August,3,2018,,,Processed,Credit Card,,Online,General Marketing
51313,324,45005,4124,45005,1,1,79.8,79.8,15.96,0.0,,1,2018-08-27 00:00:00,0,August,3,2018,,,Processed,Credit Card,,Online,General Marketing
51930,324,45540,20145,45540,1,1,39.9,39.9,7.98,0.0,,1,2018-08-27 00:00:00,0,August,3,2018,,,Processed,Credit Card,,Online,General Marketing
51954,324,45562,5127,45562,1,1,29.99,29.99,5.998,0.0,,1,2018-08-27 00:00:00,0,August,3,2018,,,Processed,Credit Card,,Online,General Marketing
53035,324,46496,211,46496,1,1,12.88,12.88,2.5760000000000005,0.0,,1,2018-08-27 00:00:00,0,August,3,2018,,,Processed,Credit Card,,Online,General Marketing
58796,324,51535,1896,51535,1,1,49.99,49.99,9.998000000000001,0.0,,1,2018-08-27 00:00:00,0,August,3,2018,,,Processed,Credit Card,,Online,General Marketing
59449,324,52113,1147,52113,1,1,24.99,24.99,4.998,0.0,,1,2018-08-27 00:00:00,0,August,3,2018,,,Processed,Credit Card,,Online,General Marketing
60192,324,52756,22188,52756,1,1,25.99,25.99,5.198,0.0,,1,2018-08-27 00:00:00,0,August,3,2018,,,Processed,Credit Card,,Online,General Marketing
62885,324,55114,16740,55114,1,1,36.9,36.9,7.38,0.0,,1,2018-08-27 00:00:00,0,August,3,2018,,,Processed,Credit Card,,Online,General Marketing
68598,324,60185,2069,60185,1,1,48.0,48.0,9.600000000000001,0.0,,1,2018-08-27 00:00:00,0,August,3,2018,,,Processed,Credit Card,,Online,General Marketing
68857,324,60406,6010,60406,1,1,95.9,95.9,19.180000000000003,0.0,,1,2018-08-27 00:00:00,0,August,3,2018,,,Processed,Credit Card,,Online,General Marketing
69429,324,60895,7219,60895,1,1,45.0,45.0,9.0,0.0,,1,2018-08-27 00:00:00,0,August,3,2018,,,Processed,Credit Card,,Online,General Marketing
70726,324,62015,23318,62015,1,1,49.49,49.49,9.898000000000001,0.0,,1,2018-08-27 00:00:00,0,August,3,2018,,,Processed,Credit Card,,Online,General Marketing
72203,324,63299,24933,63299,1,1,274.9,274.9,54.98,0.0,,1,2018-08-27 00:00:00,0,August,3,2018,,,Processed,Credit Card,,Online,General Marketing
78180,324,68498,26188,68498,1,1,41.99,41.99,8.398000000000001,0.0,,1,2018-08-27 00:00:00,0,August,3,2018,,,Processed,Credit Card,,Online,General Marketing
78181,324,68498,26188,68498,1,1,41.99,41.99,8.398000000000001,0.0,,1,2018-08-27 00:00:00,0,August,3,2018,,,Processed,Credit Card,,Online,General Marketing
79026,324,69251,26366,69251,1,1,20.2,20.2,4.04,0.0,,1,2018-08-27 00:00:00,0,August,3,2018,,,Processed,Credit Card,,Online,General Marketing
80791,324,70801,6884,70801,1,1,369.9,369.9,73.98,0.0,,1,2018-08-27 00:00:00,0,August,3,2018,,,Processed,Credit Card,,Online,General Marketing
80929,324,70924,940,70924,1,1,42.0,42.0,8.4,0.0,,1,2018-08-27 00:00:00,0,August,3,2018,,,Processed,Credit Card,,Online,General Marketing
81214,324,71178,18145,71178,1,1,159.0,159.0,31.8,0.0,,1,2018-08-27 00:00:00,0,August,3,2018,,,Processed,Credit Card,,Online,General Marketing
84078,324,73721,2489,73721,1,1,25.0,25.0,5.0,0.0,,1,2018-08-27 00:00:00,0,August,3,2018,,,Processed,Credit Card,,Online,General Marketing
87461,324,76685,28030,76685,1,1,201.9,201.9,40.38,0.0,,1,2018-08-27 00:00:00,0,August,3,2018,,,Processed,Credit Card,,Online,General Marketing
88198,324,77355,28176,77355,1,1,517.8,517.8,103.56,0.0,,1,2018-08-27 00:00:00,0,August,3,2018,,,Processed,Credit Card,,Online,General Marketing
91724,324,80432,1663,80432,1,1,79.9,79.9,15.980000000000002,0.0,,1,2018-08-27 00:00:00,0,August,3,2018,,,Processed,Credit Card,,Online,General Marketing
93589,324,82048,29229,82048,1,1,61.9,61.9,12.38,0.0,,1,2018-08-27 00:00:00,0,August,3,2018,,,Processed,Credit Card,,Online,General Marketing
97347,324,85335,4858,85335,1,1,85.0,85.0,17.0,0.0,,1,2018-08-27 00:00:00,0,August,3,2018,,,Processed,Credit Card,,Online,General Marketing
98501,324,86338,25031,86338,1,1,98.48,98.48,19.696,0.0,,1,2018-08-27 00:00:00,0,August,3,2018,,,Processed,Credit Card,,Online,General Marketing
99434,324,87163,30341,87163,1,1,42.0,42.0,8.4,0.0,,1,2018-08-27 00:00:00,0,August,3,2018,,,Processed,Credit Card,,Online,General Marketing
99435,324,87163,30342,87163,1,1,65.0,65.0,13.0,0.0,,1,2018-08-27 00:00:00,0,August,3,2018,,,Processed,Credit Card,,Online,General Marketing
99436,324,87163,30341,87163,1,1,42.0,42.0,8.4,0.0,,1,2018-08-27 00:00:00,0,August,3,2018,,,Processed,Credit Card,,Online,General Marketing
104470,324,91474,507,91474,1,1,85.9,85.9,17.180000000000003,0.0,,1,2018-08-27 00:00:00,0,August,3,2018,,,Processed,Credit Card,,Online,General Marketing
104594,324,91582,31224,91582,1,1,23.75,23.75,4.75,0.0,,1,2018-08-27 00:00:00,0,August,3,2018,,,Processed,Credit Card,,Online,General Marketing
105586,324,92438,31408,92438,1,1,49.99,49.99,9.998000000000001,0.0,,1,2018-08-27 00:00:00,0,August,3,2018,,,Processed,Credit Card,,Online,General Marketing
106264,324,93043,254,93043,1,1,34.0,34.0,6.800000000000001,0.0,,1,2018-08-27 00:00:00,0,August,3,2018,,,Processed,Credit Card,,Online,General Marketing
107115,324,93805,1599,93805,1,1,349.0,349.0,69.8,0.0,,1,2018-08-27 00:00:00,0,August,3,2018,,,Processed,Credit Card,,Online,General Marketing
947,416,823,792,823,1,1,155.0,155.0,31.0,0.0,,1,2018-08-25 00:00:00,5,August,3,2018,,,Processed,Credit Card,,Online,General Marketing
983,416,856,820,856,1,1,249.0,249.0,49.800000000000004,0.0,,1,2018-08-25 00:00:00,5,August,3,2018,,,Processed,Credit Card,,Online,General Marketing
1160,416,1009,950,1009,1,1,299.0,299.0,59.800000000000004,0.0,,1,2018-08-25 00:00:00,5,August,3,2018,,,Processed,Credit Card,,Online,General Marketing
1971,416,1734,1538,1734,1,1,45.0,45.0,9.0,0.0,,1,2018-08-25 00:00:00,5,August,3,2018,,,Processed,Credit Card,,Online,General Marketing
2809,416,2481,2136,2481,1,1,89.0,89.0,17.8,0.0,,1,2018-08-25 00:00:00,5,August,3,2018,,,Processed,Credit Card,,Online,General Marketing
5932,416,5246,4038,5246,1,1,18.9,18.9,3.78,0.0,,1,2018-08-25 00:00:00,5,August,3,2018,,,Processed,Credit Card,,Online,General Marketing
7812,416,6879,2130,6879,1,1,54.9,54.9,10.98,0.0,,1,2018-08-25 00:00:00,5,August,3,2018,,,Processed,Credit Card,,Online,General Marketing
11076,416,9763,6649,9763,1,1,48.45,48.45,9.690000000000001,0.0,,1,2018-08-25 00:00:00,5,August,3,2018,,,Processed,Credit Card,,Online,General Marketing
11383,416,10044,6809,10044,1,1,138.9,138.9,27.78,0.0,,1,2018-08-25 00:00:00,5,August,3,2018,,,Processed,Credit Card,,Online,General Marketing
11864,416,10470,5176,10470,1,1,492.75,492.75,98.55000000000001,0.0,,1,2018-08-25 00:00:00,5,August,3,2018,,,Processed,Credit Card,,Online,General Marketing
12613,416,11118,7350,11118,1,1,24.9,24.9,4.98,0.0,,1,2018-08-25 00:00:00,5,August,3,2018,,,Processed,Credit Card,,Online,General Marketing
12823,416,11307,7443,11307,1,1,72.99,72.99,14.597999999999999,0.0,,1,2018-08-25 00:00:00,5,August,3,2018,,,Processed,Credit Card,,Online,General Marketing
13047,416,11497,675,11497,1,1,44.99,44.99,8.998000000000001,0.0,,1,2018-08-25 00:00:00,5,August,3,2018,,,Processed,Credit Card,,Online,General Marketing
13893,416,12227,7890,12227,1,1,14.9,14.9,2.9800000000000004,0.0,,1,2018-08-25 00:00:00,5,August,3,2018,,,Processed,Credit Card,,Online,General Marketing
18734,416,16428,9851,16428,1,1,99.0,99.0,19.8,0.0,,1,2018-08-25 00:00:00,5,August,3,2018,,,Processed,Credit Card,,Online,General Marketing
19004,416,16661,1161,16661,1,1,116.9,116.9,23.380000000000003,0.0,,1,2018-08-25 00:00:00,5,August,3,2018,,,Processed,Credit Card,,Online,General Marketing
19005,416,16661,1161,16661,1,1,116.9,116.9,23.380000000000003,0.0,,1,2018-08-25 00:00:00,5,August,3,2018,,,Processed,Credit Card,,Online,General Marketing
21592,416,18941,2816,18941,1,1,319.29,319.29,63.858000000000004,0.0,,1,2018-08-25 00:00:00,5,August,3,2018,,,Processed,Credit Card,,Online,General Marketing
21748,416,19079,1483,19079,1,1,110.65,110.65,22.130000000000003,0.0,,1,2018-08-25 00:00:00,5,August,3,2018,,,Processed,Credit Card,,Online,General Marketing
21991,416,19285,11031,19285,1,1,68.0,68.0,13.600000000000001,0.0,,1,2018-08-25 00:00:00,5,August,3,2018,,,Processed,Credit Card,,Online,General Marketing
25872,416,22695,12447,22695,1,1,125.0,125.0,25.0,0.0,,1,2018-08-25 00:00:00,5,August,3,2018,,,Processed,Credit Card,,Online,General Marketing
26819,416,23519,12783,23519,1,1,10.0,10.0,2.0,0.0,,1,2018-08-25 00:00:00,5,August,3,2018,,,Processed,Credit Card,,Online,General Marketing
27511,416,24114,2205,24114,1,1,109.0,109.0,21.8,0.0,,1,2018-08-25 00:00:00,5,August,3,2018,,,Processed,Credit Card,,Online,General Marketing
29673,416,26000,5555,26000,1,1,389.5,389.5,77.9,0.0,,1,2018-08-25 00:00:00,5,August,3,2018,,,Processed,Credit Card,,Online,General Marketing
36648,416,32078,6175,32078,1,1,139.9,139.9,27.980000000000004,0.0,,1,2018-08-25 00:00:00,5,August,3,2018,,,Processed,Credit Card,,Online,General Marketing
39449,416,34564,16681,34564,1,1,39.5,39.5,7.9,0.0,,1,2018-08-25 00:00:00,5,August,3,2018,,,Processed,Credit Card,,Online,General Marketing
40138,416,35171,15001,35171,1,1,37.4,37.4,7.48,0.0,,1,2018-08-25 00:00:00,5,August,3,2018,,,Processed,Credit Card,,Online,General Marketing
44338,416,38847,13088,38847,1,1,31.9,31.9,6.38,0.0,,1,2018-08-25 00:00:00,5,August,3,2018,,,Processed,Credit Card,,Online,General Marketing
48017,416,42062,6359,42062,1,1,15.9,15.9,3.18,0.0,,1,2018-08-25 00:00:00,5,August,3,2018,,,Processed,Credit Card,,Online,General Marketing
48018,416,42062,6359,42062,1,1,15.9,15.9,3.18,0.0,,1,2018-08-25 00:00:00,5,August,3,2018,,,Processed,Credit Card,,Online,General Marketing
48440,416,42433,19240,42433,1,1,98.0,98.0,19.6,0.0,,1,2018-08-25 00:00:00,5,August,3,2018,,,Processed,Credit Card,,Online,General Marketing
48441,416,42433,5338,42433,1,1,29.3,29.3,5.86,0.0,,1,2018-08-25 00:00:00,5,August,3,2018,,,Processed,Credit Card,,Online,General Marketing
48751,416,42715,19331,42715,1,1,18.99,18.99,3.798,0.0,,1,2018-08-25 00:00:00,5,August,3,2018,,,Processed,Credit Card,,Online,General Marketing
48752,416,42715,19332,42715,1,1,18.99,18.99,3.798,0.0,,1,2018-08-25 00:00:00,5,August,3,2018,,,Processed,Credit Card,,Online,General Marketing
48791,416,42751,18716,42751,1,1,399.0,399.0,79.80000000000001,0.0,,1,2018-08-25 00:00:00,5,August,3,2018,,,Processed,Credit Card,,Online,General Marketing
51814,416,45443,2337,45443,1,1,97.5,97.5,19.5,0.0,,1,2018-08-25 00:00:00,5,August,3,2018,,,Processed,Credit Card,,Online,General Marketing
51909,416,45522,2613,45522,1,1,20.9,20.9,4.18,0.0,,1,2018-08-25 00:00:00,5,August,3,2018,,,Processed,Credit Card,,Online,General Marketing
51936,416,45546,20147,45546,1,1,23.8,23.8,4.760000000000001,0.0,,1,2018-08-25 00:00:00,5,August,3,2018,,,Processed,Credit Card,,Online,General Marketing
54113,416,47405,20668,47405,1,1,22.99,22.99,4.598,0.0,,1,2018-08-25 00:00:00,5,August,3,2018,,,Processed,Credit Card,,Online,General Marketing
54777,416,47994,7897,47994,1,1,88.89,88.89,17.778000000000002,0.0,,1,2018-08-25 00:00:00,5,August,3,2018,,,Processed,Credit Card,,Online,General Marketing
61002,416,53463,761,53463,1,1,35.9,35.9,7.18,0.0,,1,2018-08-25 00:00:00,5,August,3,2018,,,Processed,Credit Card,,Online,General Marketing
61204,416,53643,22431,53643,1,1,39.9,39.9,7.98,0.0,,1,2018-08-25 00:00:00,5,August,3,2018,,,Processed,Credit Card,,Online,General Marketing
61811,416,54173,22567,54173,1,1,999.99,999.99,199.99800000000002,0.0,,1,2018-08-25 00:00:00,5,August,3,2018,,,Processed,Credit Card,,Online,General Marketing
61923,416,54270,864,54270,1,1,12.99,12.99,2.5980000000000003,0.0,,1,2018-08-25 00:00:00,5,August,3,2018,,,Processed,Credit Card,,Online,General Marketing
61968,416,54308,22596,54308,1,1,30.0,30.0,6.0,0.0,,1,2018-08-25 00:00:00,5,August,3,2018,,,Processed,Credit Card,,Online,General Marketing
62268,416,54566,1694,54566,1,1,89.99,89.99,17.998,0.0,,1,2018-08-25 00:00:00,5,August,3,2018,,,Processed,Credit Card,,Online,General Marketing
62842,416,55077,454,55077,1,1,106.9,106.9,21.380000000000003,0.0,,1,2018-08-25 00:00:00,5,August,3,2018,,,Processed,Credit Card,,Online,General Marketing
64995,416,56991,2389,56991,1,1,14.99,14.99,2.998,0.0,,1,2018-08-25 00:00:00,5,August,3,2018,,,Processed,Credit Card,,Online,General Marketing
65026,416,57021,269,57021,1,1,330.0,330.0,66.0,0.0,,1,2018-08-25 00:00:00,5,August,3,2018,,,Processed,Credit Card,,Online,General Marketing
65027,416,57021,3701,57021,1,1,45.9,45.9,9.18,0.0,,1,2018-08-25 00:00:00,5,August,3,2018,,,Processed,Credit Card,,Online,General Marketing
66870,416,58651,8782,58651,1,1,79.5,79.5,15.9,0.0,,1,2018-08-25 00:00:00,5,August,3,2018,,,Processed,Credit Card,,Online,General Marketing
71264,416,62493,24726,62493,1,1,62.5,62.5,12.5,0.0,,1,2018-08-25 00:00:00,5,August,3,2018,,,Processed,Credit Card,,Online,General Marketing
73396,416,64316,13303,64316,1,1,119.9,119.9,23.980000000000004,0.0,,1,2018-08-25 00:00:00,5,August,3,2018,,,Processed,Credit Card,,Online,General Marketing
74064,416,64888,25337,64888,1,1,439.99,439.99,87.998,0.0,,1,2018-08-25 00:00:00,5,August,3,2018,,,Processed,Credit Card,,Online,General Marketing
75305,416,65974,4496,65974,1,1,29.99,29.99,5.998,0.0,,1,2018-08-25 00:00:00,5,August,3,2018,,,Processed,Credit Card,,Online,General Marketing
75423,416,66085,4273,66085,1,1,95.4,95.4,19.080000000000002,0.0,,1,2018-08-25 00:00:00,5,August,3,2018,,,Processed,Credit Card,,Online,General Marketing
77843,416,68203,26127,68203,1,1,139.49,139.49,27.898000000000003,0.0,,1,2018-08-25 00:00:00,5,August,3,2018,,,Processed,Credit Card,,Online,General Marketing
82936,416,72709,17864,72709,1,1,469.0,469.0,93.80000000000001,0.0,,1,2018-08-25 00:00:00,5,August,3,2018,,,Processed,Credit Card,,Online,General Marketing
83975,416,73625,27348,73625,1,1,29.99,29.99,5.998,0.0,,1,2018-08-25 00:00:00,5,August,3,2018,,,Processed,Credit Card,,Online,General Marketing
84049,416,73693,11437,73693,1,1,17.9,17.9,3.58,0.0,,1,2018-08-25 00:00:00,5,August,3,2018,,,Processed,Credit Card,,Online,General Marketing
89037,416,78088,28353,78088,1,1,2300.0,2300.0,460.0,0.0,,1,2018-08-25 00:00:00,5,August,3,2018,,,Processed,Credit Card,,Online,General Marketing
90263,416,79159,28595,79159,1,1,11.9,11.9,2.3800000000000003,0.0,,1,2018-08-25 00:00:00,5,August,3,2018,,,Processed,Credit Card,,Online,General Marketing
90264,416,79159,7575,79159,1,1,65.0,65.0,13.0,0.0,,1,2018-08-25 00:00:00,5,August,3,2018,,,Processed,Credit Card,,Online,General Marketing
90441,416,79303,19939,79303,1,1,31.0,31.0,6.2,0.0,,1,2018-08-25 00:00:00,5,August,3,2018,,,Processed,Credit Card,,Online,General Marketing
95927,416,84099,9482,84099,1,1,18.49,18.49,3.698,0.0,,1,2018-08-25 00:00:00,5,August,3,2018,,,Processed,Credit Card,,Online,General Marketing
100503,416,88083,507,88083,1,1,85.9,85.9,17.180000000000003,0.0,,1,2018-08-25 00:00:00,5,August,3,2018,,,Processed,Credit Card,,Online,General Marketing
101147,416,88637,141,88637,1,1,110.32,110.32,22.064,0.0,,1,2018-08-25 00:00:00,5,August,3,2018,,,Processed,Credit Card,,Online,General Marketing
101563,416,88990,2646,88990,1,1,29.9,29.9,5.98,0.0,,1,2018-08-25 00:00:00,5,August,3,2018,,,Processed,Credit Card,,Online,General Marketing
102491,416,89786,575,89786,1,1,56.1,56.1,11.22,0.0,,1,2018-08-25 00:00:00,5,August,3,2018,,,Processed,Credit Card,,Online,General Marketing
105809,416,92642,302,92642,1,1,49.9,49.9,9.98,0.0,,1,2018-08-25 00:00:00,5,August,3,2018,,,Processed,Credit Card,,Online,General Marketing
105835,416,92666,31453,92666,1,1,2.2,2.2,0.44000000000000006,0.0,,1,2018-08-25 00:00:00,5,August,3,2018,,,Processed,Credit Card,,Online,General Marketing
106694,416,93422,2017,93422,1,1,169.0,169.0,33.800000000000004,0.0,,1,2018-08-25 00:00:00,5,August,3,2018,,,Processed,Credit Card,,Online,General Marketing
106894,416,93597,11178,93597,1,1,56.9,56.9,11.38,0.0,,1,2018-08-25 00:00:00,5,August,3,2018,,,Processed,Credit Card,,Online,General Marketing
107205,416,93876,21,93876,1,1,89.9,89.9,17.98,0.0,,1,2018-08-25 00:00:00,5,August,3,2018,,,Processed,Credit Card,,Online,General Marketing
108183,416,94749,2613,94749,1,1,20.9,20.9,4.18,0.0,,1,2018-08-25 00:00:00,5,August,3,2018,,,Processed,Credit Card,,Online,General Marketing
1184,470,1030,967,1030,1,1,28.9,28.9,5.78,0.0,,1,2018-08-28 00:00:00,1,August,3,2018,,,Processed,Credit Card,,Online,General Marketing
1589,470,1384,1264,1384,1,1,149.9,149.9,29.980000000000004,0.0,,1,2018-08-28 00:00:00,1,August,3,2018,,,Processed,Credit Card,,Online,General Marketing
4472,470,3955,3180,3955,1,1,103.0,103.0,20.6,0.0,,1,2018-08-28 00:00:00,1,August,3,2018,,,Processed,Credit Card,,Online,General Marketing
4900,470,4338,3458,4338,1,1,116.5,116.5,23.3,0.0,,1,2018-08-28 00:00:00,1,August,3,2018,,,Processed,Credit Card,,Online,General Marketing
6669,470,5890,4438,5890,1,1,69.0,69.0,13.8,0.0,,1,2018-08-28 00:00:00,1,August,3,2018,,,Processed,Credit Card,,Online,General Marketing
8657,470,7628,5436,7628,1,1,14.99,14.99,2.998,0.0,,1,2018-08-28 00:00:00,1,August,3,2018,,,Processed,Credit Card,,Online,General Marketing
8751,470,7714,5485,7714,1,1,179.0,179.0,35.800000000000004,0.0,,1,2018-08-28 00:00:00,1,August,3,2018,,,Processed,Credit Card,,Online,General Marketing
12701,470,11199,7385,11199,1,1,14.9,14.9,2.9800000000000004,0.0,,1,2018-08-28 00:00:00,1,August,3,2018,,,Processed,Credit Card,,Online,General Marketing
17619,470,15495,9410,15495,1,1,84.9,84.9,16.98,0.0,,1,2018-08-28 00:00:00,1,August,3,2018,,,Processed,Credit Card,,Online,General Marketing
17620,470,15495,9410,15495,1,1,84.9,84.9,16.98,0.0,,1,2018-08-28 00:00:00,1,August,3,2018,,,Processed,Credit Card,,Online,General Marketing
19174,470,16817,10017,16817,1,1,17.9,17.9,3.58,0.0,,1,2018-08-28 00:00:00,1,August,3,2018,,,Processed,Credit Card,,Online,General Marketing
19175,470,16817,10017,16817,1,1,17.9,17.9,3.58,0.0,,1,2018-08-28 00:00:00,1,August,3,2018,,,Processed,Credit Card,,Online,General Marketing
19176,470,16817,10017,16817,1,1,17.9,17.9,3.58,0.0,,1,2018-08-28 00:00:00,1,August,3,2018,,,Processed,Credit Card,,Online,General Marketing
19177,470,16817,10018,16817,1,1,49.99,49.99,9.998000000000001,0.0,,1,2018-08-28 00:00:00,1,August,3,2018,,,Processed,Credit Card,,Online,General Marketing
19413,470,17028,5559,17028,1,1,712.9,712.9,142.58,0.0,,1,2018-08-28 00:00:00,1,August,3,2018,,,Processed,Credit Card,,Online,General Marketing
20052,470,17593,10329,17593,1,1,39.99,39.99,7.998000000000001,0.0,,1,2018-08-28 00:00:00,1,August,3,2018,,,Processed,Credit Card,,Online,General Marketing
20053,470,17593,10329,17593,1,1,39.99,39.99,7.998000000000001,0.0,,1,2018-08-28 00:00:00,1,August,3,2018,,,Processed,Credit Card,,Online,General Marketing
22555,470,19784,11237,19784,1,1,169.0,169.0,33.800000000000004,0.0,,1,2018-08-28 00:00:00,1,August,3,2018,,,Processed,Credit Card,,Online,General Marketing
27916,470,24459,13169,24459,1,1,249.9,249.9,49.980000000000004,0.0,,1,2018-08-28 00:00:00,1,August,3,2018,,,Processed,Credit Card,,Online,General Marketing
29607,470,25941,507,25941,1,1,85.9,85.9,17.180000000000003,0.0,,1,2018-08-28 00:00:00,1,August,3,2018,,,Processed,Credit Card,,Online,General Marketing
29608,470,25941,507,25941,1,1,85.9,85.9,17.180000000000003,0.0,,1,2018-08-28 00:00:00,1,August,3,2018,,,Processed,Credit Card,,Online,General Marketing
32992,470,28894,1055,28894,1,1,14.5,14.5,2.9000000000000004,0.0,,1,2018-08-28 00:00:00,1,August,3,2018,,,Processed,Credit Card,,Online,General Marketing
33565,470,29400,5653,29400,1,1,12.0,12.0,2.4000000000000004,0.0,,1,2018-08-28 00:00:00,1,August,3,2018,,,Processed,Credit Card,,Online,General Marketing
42900,470,37598,17691,37598,1,1,30.0,30.0,6.0,0.0,,1,2018-08-28 00:00:00,1,August,3,2018,,,Processed,Credit Card,,Online,General Marketing
45808,470,40136,18485,40136,1,1,59.9,59.9,11.98,0.0,,1,2018-08-28 00:00:00,1,August,3,2018,,,Processed,Credit Card,,Online,General Marketing
50036,470,43857,12436,43857,1,1,250.0,250.0,50.0,0.0,,1,2018-08-28 00:00:00,1,August,3,2018,,,Processed,Credit Card,,Online,General Marketing
54043,470,47347,6498,47347,1,1,19.0,19.0,3.8000000000000003,0.0,,1,2018-08-28 00:00:00,1,August,3,2018,,,Processed,Credit Card,,Online,General Marketing
55431,470,48598,6327,48598,1,1,41.8,41.8,8.36,0.0,,1,2018-08-28 00:00:00,1,August,3,2018,,,Processed,Credit Card,,Online,General Marketing
57810,470,50671,21599,50671,1,1,63.99,63.99,12.798000000000002,0.0,,1,2018-08-28 00:00:00,1,August,3,2018,,,Processed,Credit Card,,Online,General Marketing
58164,470,50993,21694,50993,1,1,41.9,41.9,8.38,0.0,,1,2018-08-28 00:00:00,1,August,3,2018,,,Processed,Credit Card,,Online,General Marketing
59934,470,52532,9614,52532,1,1,39.9,39.9,7.98,0.0,,1,2018-08-28 00:00:00,1,August,3,2018,,,Processed,Credit Card,,Online,General Marketing
67832,470,59493,1225,59493,1,1,49.0,49.0,9.8,0.0,,1,2018-08-28 00:00:00,1,August,3,2018,,,Processed,Credit Card,,Online,General Marketing
74080,470,64902,11223,64902,1,1,19.9,19.9,3.98,0.0,,1,2018-08-28 00:00:00,1,August,3,2018,,,Processed,Credit Card,,Online,General Marketing
76113,470,66687,25761,66687,1,1,150.9,150.9,30.180000000000003,0.0,,1,2018-08-28 00:00:00,1,August,3,2018,,,Processed,Credit Card,,Online,General Marketing
77144,470,67597,15724,67597,1,1,99.9,99.9,19.980000000000004,0.0,,1,2018-08-28 00:00:00,1,August,3,2018,,,Processed,Credit Card,,Online,General Marketing
80551,470,70583,26676,70583,1,1,18.99,18.99,3.798,0.0,,1,2018-08-28 00:00:00,1,August,3,2018,,,Processed,Credit Card,,Online,General Marketing
83473,470,73182,27250,73182,1,1,7.5,7.5,1.5,0.0,,1,2018-08-28 00:00:00,1,August,3,2018,,,Processed,Credit Card,,Online,General Marketing
85240,470,74744,27593,74744,1,1,29.99,29.99,5.998,0.0,,1,2018-08-28 00:00:00,1,August,3,2018,,,Processed,Credit Card,,Online,General Marketing
86539,470,75863,2302,75863,1,1,14.9,14.9,2.9800000000000004,0.0,,1,2018-08-28 00:00:00,1,August,3,2018,,,Processed,Credit Card,,Online,General Marketing
89234,470,78262,22596,78262,1,1,30.0,30.0,6.0,0.0,,1,2018-08-28 00:00:00,1,August,3,2018,,,Processed,Credit Card,,Online,General Marketing
98061,470,85966,11414,85966,1,1,79.49,79.49,15.898,0.0,,1,2018-08-28 00:00:00,1,August,3,2018,,,Processed,Credit Card,,Online,General Marketing
99370,470,87106,16222,87106,1,1,58.2,58.2,11.64,0.0,,1,2018-08-28 00:00:00,1,August,3,2018,,,Processed,Credit Card,,Online,General Marketing
99785,470,87459,1655,87459,1,1,59.0,59.0,11.8,0.0,,1,2018-08-28 00:00:00,1,August,3,2018,,,Processed,Credit Card,,Online,General Marketing
101051,470,88562,832,88562,1,1,29.9,29.9,5.98,0.0,,1,2018-08-28 00:00:00,1,August,3,2018,,,Processed,Credit Card,,Online,General Marketing
109213,470,95635,26605,95635,1,1,119.99,119.99,23.998,0.0,,1,2018-08-28 00:00:00,1,August,3,2018,,,Processed,Credit Card,,Online,General Marketing
1249,476,1086,1019,1086,1,1,49.89,49.89,9.978000000000002,0.0,,1,2018-08-23 00:00:00,3,August,3,2018,,,Processed,Credit Card,,Online,General Marketing
2286,476,2003,1764,2003,1,1,139.9,139.9,27.980000000000004,0.0,,1,2018-08-23 00:00:00,3,August,3,2018,,,Processed,Credit Card,,Online,General Marketing
2674,476,2355,2042,2355,1,1,99.9,99.9,19.980000000000004,0.0,,1,2018-08-23 00:00:00,3,August,3,2018,,,Processed,Credit Card,,Online,General Marketing
3085,476,2735,2314,2735,1,1,179.9,179.9,35.980000000000004,0.0,,1,2018-08-23 00:00:00,3,August,3,2018,,,Processed,Credit Card,,Online,General Marketing
4623,476,4093,2,4093,1,1,117.0,117.0,23.400000000000002,0.0,,1,2018-08-23 00:00:00,3,August,3,2018,,,Processed,Credit Card,,Online,General Marketing
5163,476,4572,3612,4572,1,1,142.0,142.0,28.400000000000002,0.0,,1,2018-08-23 00:00:00,3,August,3,2018,,,Processed,Credit Card,,Online,General Marketing
6626,476,5852,2336,5852,1,1,14.49,14.49,2.898,0.0,,1,2018-08-23 00:00:00,3,August,3,2018,,,Processed,Credit Card,,Online,General Marketing
6672,476,5892,519,5892,1,1,79.9,79.9,15.980000000000002,0.0,,1,2018-08-23 00:00:00,3,August,3,2018,,,Processed,Credit Card,,Online,General Marketing
8098,476,7130,5167,7130,1,1,36.82,36.82,7.364000000000001,0.0,,1,2018-08-23 00:00:00,3,August,3,2018,,,Processed,Credit Card,,Online,General Marketing
8252,476,7270,5249,7270,1,1,199.9,199.9,39.980000000000004,0.0,,1,2018-08-23 00:00:00,3,August,3,2018,,,Processed,Credit Card,,Online,General Marketing
9410,476,8289,5827,8289,1,1,149.9,149.9,29.980000000000004,0.0,,1,2018-08-23 00:00:00,3,August,3,2018,,,Processed,Credit Card,,Online,General Marketing
9870,476,8700,6050,8700,1,1,19.9,19.9,3.98,0.0,,1,2018-08-23 00:00:00,3,August,3,2018,,,Processed,Credit Card,,Online,General Marketing
11826,476,10438,7004,10438,1,1,49.9,49.9,9.98,0.0,,1,2018-08-23 00:00:00,3,August,3,2018,,,Processed,Credit Card,,Online,General Marketing
14114,476,12433,7995,12433,1,1,28.99,28.99,5.798,0.0,,1,2018-08-23 00:00:00,3,August,3,2018,,,Processed,Credit Card,,Online,General Marketing
14481,476,12763,8145,12763,1,1,49.9,49.9,9.98,0.0,,1,2018-08-23 00:00:00,3,August,3,2018,,,Processed,Credit Card,,Online,General Marketing
16205,476,14267,8832,14267,1,1,157.41,157.41,31.482,0.0,,1,2018-08-23 00:00:00,3,August,3,2018,,,Processed,Credit Card,,Online,General Marketing
18452,476,16184,8388,16184,1,1,32.7,32.7,6.540000000000001,0.0,,1,2018-08-23 00:00:00,3,August,3,2018,,,Processed,Credit Card,,Online,General Marketing
18453,476,16184,8388,16184,1,1,32.7,32.7,6.540000000000001,0.0,,1,2018-08-23 00:00:00,3,August,3,2018,,,Processed,Credit Card,,Online,General Marketing
18455,476,16186,1341,16186,1,1,107.9,107.9,21.580000000000002,0.0,,1,2018-08-23 00:00:00,3,August,3,2018,,,Processed,Credit Card,,Online,General Marketing
18510,476,16234,9751,16234,1,1,44.9,44.9,8.98,0.0,,1,2018-08-23 00:00:00,3,August,3,2018,,,Processed,Credit Card,,Online,General Marketing
18806,476,16492,4653,16492,1,1,122.73,122.73,24.546000000000003,0.0,,1,2018-08-23 00:00:00,3,August,3,2018,,,Processed,Credit Card,,Online,General Marketing
19371,476,16990,10085,16990,1,1,548.0,548.0,109.60000000000001,0.0,,1,2018-08-23 00:00:00,3,August,3,2018,,,Processed,Credit Card,,Online,General Marketing
19849,476,17411,10256,17411,1,1,585.0,585.0,117.0,0.0,,1,2018-08-23 00:00:00,3,August,3,2018,,,Processed,Credit Card,,Online,General Marketing
21816,476,19137,5142,19137,1,1,44.06,44.06,8.812000000000001,0.0,,1,2018-08-23 00:00:00,3,August,3,2018,,,Processed,Credit Card,,Online,General Marketing
23802,476,20891,332,20891,1,1,69.0,69.0,13.8,0.0,,1,2018-08-23 00:00:00,3,August,3,2018,,,Processed,Credit Card,,Online,General Marketing
24011,476,21072,985,21072,1,1,59.0,59.0,11.8,0.0,,1,2018-08-23 00:00:00,3,August,3,2018,,,Processed,Credit Card,,Online,General Marketing
24733,476,21704,4858,21704,1,1,79.0,79.0,15.8,0.0,,1,2018-08-23 00:00:00,3,August,3,2018,,,Processed,Credit Card,,Online,General Marketing
25061,476,21986,6373,21986,1,1,128.0,128.0,25.6,0.0,,1,2018-08-23 00:00:00,3,August,3,2018,,,Processed,Credit Card,,Online,General Marketing
27279,476,23918,12953,23918,1,1,299.9,299.9,59.98,0.0,,1,2018-08-23 00:00:00,3,August,3,2018,,,Processed,Credit Card,,Online,General Marketing
27498,476,24104,13023,24104,1,1,98.0,98.0,19.6,0.0,,1,2018-08-23 00:00:00,3,August,3,2018,,,Processed,Credit Card,,Online,General Marketing
27794,476,24357,1624,24357,1,1,49.5,49.5,9.9,0.0,,1,2018-08-23 00:00:00,3,August,3,2018,,,Processed,Credit Card,,Online,General Marketing
31448,476,27552,14276,27552,1,1,259.0,259.0,51.800000000000004,0.0,,1,2018-08-23 00:00:00,3,August,3,2018,,,Processed,Credit Card,,Online,General Marketing
31687,476,27766,2302,27766,1,1,14.9,14.9,2.9800000000000004,0.0,,1,2018-08-23 00:00:00,3,August,3,2018,,,Processed,Credit Card,,Online,General Marketing
31688,476,27766,2302,27766,1,1,14.9,14.9,2.9800000000000004,0.0,,1,2018-08-23 00:00:00,3,August,3,2018,,,Processed,Credit Card,,Online,General Marketing
32973,476,28877,507,28877,1,1,85.9,85.9,17.180000000000003,0.0,,1,2018-08-23 00:00:00,3,August,3,2018,,,Processed,Credit Card,,Online,General Marketing
33677,476,29486,7678,29486,1,1,246.9,246.9,49.38,0.0,,1,2018-08-23 00:00:00,3,August,3,2018,,,Processed,Credit Card,,Online,General Marketing
34858,476,30508,3305,30508,1,1,29.9,29.9,5.98,0.0,,1,2018-08-23 00:00:00,3,August,3,2018,,,Processed,Credit Card,,Online,General Marketing
35305,476,30906,15481,30906,1,1,63.0,63.0,12.600000000000001,0.0,,1,2018-08-23 00:00:00,3,August,3,2018,,,Processed,Credit Card,,Online,General Marketing
36818,476,32231,15909,32231,1,1,94.9,94.9,18.98,0.0,,1,2018-08-23 00:00:00,3,August,3,2018,,,Processed,Credit Card,,Online,General Marketing
37491,476,32813,16103,32813,1,1,59.9,59.9,11.98,0.0,,1,2018-08-23 00:00:00,3,August,3,2018,,,Processed,Credit Card,,Online,General Marketing
37867,476,33147,16210,33147,1,1,60.0,60.0,12.0,0.0,,1,2018-08-23 00:00:00,3,August,3,2018,,,Processed,Credit Card,,Online,General Marketing
39096,476,34254,43,34254,1,1,69.9,69.9,13.980000000000002,0.0,,1,2018-08-23 00:00:00,3,August,3,2018,,,Processed,Credit Card,,Online,General Marketing
39445,476,34561,16680,34561,1,1,149.9,149.9,29.980000000000004,0.0,,1,2018-08-23 00:00:00,3,August,3,2018,,,Processed,Credit Card,,Online,General Marketing
39529,476,34634,16706,34634,1,1,31.5,31.5,6.300000000000001,0.0,,1,2018-08-23 00:00:00,3,August,3,2018,,,Processed,Credit Card,,Online,General Marketing
39530,476,34634,16706,34634,1,1,31.5,31.5,6.300000000000001,0.0,,1,2018-08-23 00:00:00,3,August,3,2018,,,Processed,Credit Card,,Online,General Marketing
40675,476,35653,4764,35653,1,1,119.9,119.9,23.980000000000004,0.0,,1,2018-08-23 00:00:00,3,August,3,2018,,,Processed,Credit Card,,Online,General Marketing
40745,476,35708,202,35708,1,1,99.9,99.9,19.980000000000004,0.0,,1,2018-08-23 00:00:00,3,August,3,2018,,,Processed,Credit Card,,Online,General Marketing
41074,476,36002,17166,36002,1,1,27.72,27.72,5.5440000000000005,0.0,,1,2018-08-23 00:00:00,3,August,3,2018,,,Processed,Credit Card,,Online,General Marketing
41797,476,36624,5131,36624,1,1,326.0,326.0,65.2,0.0,,1,2018-08-23 00:00:00,3,August,3,2018,,,Processed,Credit Card,,Online,General Marketing
42262,476,37030,1506,37030,1,1,95.9,95.9,19.180000000000003,0.0,,1,2018-08-23 00:00:00,3,August,3,2018,,,Processed,Credit Card,,Online,General Marketing
42265,476,37033,14078,37033,1,1,45.0,45.0,9.0,0.0,,1,2018-08-23 00:00:00,3,August,3,2018,,,Processed,Credit Card,,Online,General Marketing
42508,476,37245,17574,37245,1,1,159.99,159.99,31.998000000000005,0.0,,1,2018-08-23 00:00:00,3,August,3,2018,,,Processed,Credit Card,,Online,General Marketing
42509,476,37245,17575,37245,1,1,129.99,129.99,25.998000000000005,0.0,,1,2018-08-23 00:00:00,3,August,3,2018,,,Processed,Credit Card,,Online,General Marketing
42696,476,37411,11707,37411,1,1,19.9,19.9,3.98,0.0,,1,2018-08-23 00:00:00,3,August,3,2018,,,Processed,Credit Card,,Online,General Marketing
43079,476,37748,1907,37748,1,1,2160.0,2160.0,432.0,0.0,,1,2018-08-23 00:00:00,3,August,3,2018,,,Processed,Credit Card,,Online,General Marketing
44199,476,38725,5618,38725,1,1,110.32,110.32,22.064,0.0,,1,2018-08-23 00:00:00,3,August,3,2018,,,Processed,Credit Card,,Online,General Marketing
44618,476,39087,16147,39087,1,1,98.0,98.0,19.6,0.0,,1,2018-08-23 00:00:00,3,August,3,2018,,,Processed,Credit Card,,Online,General Marketing
44936,476,39372,18244,39372,1,1,119.9,119.9,23.980000000000004,0.0,,1,2018-08-23 00:00:00,3,August,3,2018,,,Processed,Credit Card,,Online,General Marketing
45236,476,39624,5935,39624,1,1,285.0,285.0,57.0,0.0,,1,2018-08-23 00:00:00,3,August,3,2018,,,Processed,Credit Card,,Online,General Marketing
45418,476,39790,7317,39790,1,1,228.0,228.0,45.6,0.0,,1,2018-08-23 00:00:00,3,August,3,2018,,,Processed,Credit Card,,Online,General Marketing
45639,476,39987,575,39987,1,1,56.1,56.1,11.22,0.0,,1,2018-08-23 00:00:00,3,August,3,2018,,,Processed,Credit Card,,Online,General Marketing
45967,476,40274,1383,40274,1,1,14.9,14.9,2.9800000000000004,0.0,,1,2018-08-23 00:00:00,3,August,3,2018,,,Processed,Credit Card,,Online,General Marketing
45968,476,40274,1383,40274,1,1,14.9,14.9,2.9800000000000004,0.0,,1,2018-08-23 00:00:00,3,August,3,2018,,,Processed,Credit Card,,Online,General Marketing
47298,476,41443,2302,41443,1,1,14.9,14.9,2.9800000000000004,0.0,,1,2018-08-23 00:00:00,3,August,3,2018,,,Processed,Credit Card,,Online,General Marketing
47518,476,41631,332,41631,1,1,69.0,69.0,13.8,0.0,,1,2018-08-23 00:00:00,3,August,3,2018,,,Processed,Credit Card,,Online,General Marketing
47519,476,41631,332,41631,1,1,69.0,69.0,13.8,0.0,,1,2018-08-23 00:00:00,3,August,3,2018,,,Processed,Credit Card,,Online,General Marketing
47998,476,42044,2613,42044,1,1,20.9,20.9,4.18,0.0,,1,2018-08-23 00:00:00,3,August,3,2018,,,Processed,Credit Card,,Online,General Marketing
48657,476,42631,864,42631,1,1,12.99,12.99,2.5980000000000003,0.0,,1,2018-08-23 00:00:00,3,August,3,2018,,,Processed,Credit Card,,Online,General Marketing
48898,476,42844,19368,42844,1,1,217.9,217.9,43.580000000000005,0.0,,1,2018-08-23 00:00:00,3,August,3,2018,,,Processed,Credit Card,,Online,General Marketing
48909,476,42855,19373,42855,1,1,59.9,59.9,11.98,0.0,,1,2018-08-23 00:00:00,3,August,3,2018,,,Processed,Credit Card,,Online,General Marketing
51163,476,44873,1253,44873,1,1,55.0,55.0,11.0,0.0,,1,2018-08-23 00:00:00,3,August,3,2018,,,Processed,Credit Card,,Online,General Marketing
51319,476,45011,19989,45011,1,1,18.49,18.49,3.698,0.0,,1,2018-08-23 00:00:00,3,August,3,2018,,,Processed,Credit Card,,Online,General Marketing
51320,476,45011,19989,45011,1,1,18.49,18.49,3.698,0.0,,1,2018-08-23 00:00:00,3,August,3,2018,,,Processed,Credit Card,,Online,General Marketing
51812,476,45441,3019,45441,1,1,55.0,55.0,11.0,0.0,,1,2018-08-23 00:00:00,3,August,3,2018,,,Processed,Credit Card,,Online,General Marketing
52161,476,45747,20205,45747,1,1,18.9,18.9,3.78,0.0,,1,2018-08-23 00:00:00,3,August,3,2018,,,Processed,Credit Card,,Online,General Marketing
52430,476,45978,20263,45978,1,1,29.99,29.99,5.998,0.0,,1,2018-08-23 00:00:00,3,August,3,2018,,,Processed,Credit Card,,Online,General Marketing
52431,476,45978,5096,45978,1,1,23.99,23.99,4.798,0.0,,1,2018-08-23 00:00:00,3,August,3,2018,,,Processed,Credit Card,,Online,General Marketing
52432,476,45978,4179,45978,1,1,29.99,29.99,5.998,0.0,,1,2018-08-23 00:00:00,3,August,3,2018,,,Processed,Credit Card,,Online,General Marketing
52433,476,45978,20264,45978,1,1,23.99,23.99,4.798,0.0,,1,2018-08-23 00:00:00,3,August,3,2018,,,Processed,Credit Card,,Online,General Marketing
53688,476,47051,20563,47051,1,1,41.99,41.99,8.398000000000001,0.0,,1,2018-08-23 00:00:00,3,August,3,2018,,,Processed,Credit Card,,Online,General Marketing
53968,476,47287,20625,47287,1,1,39.9,39.9,7.98,0.0,,1,2018-08-23 00:00:00,3,August,3,2018,,,Processed,Credit Card,,Online,General Marketing
53979,476,47298,3204,47298,1,1,99.9,99.9,19.980000000000004,0.0,,1,2018-08-23 00:00:00,3,August,3,2018,,,Processed,Credit Card,,Online,General Marketing
54380,476,47636,5351,47636,1,1,118.99,118.99,23.798000000000002,0.0,,1,2018-08-23 00:00:00,3,August,3,2018,,,Processed,Credit Card,,Online,General Marketing
55179,476,48369,20953,48369,1,1,11.9,11.9,2.3800000000000003,0.0,,1,2018-08-23 00:00:00,3,August,3,2018,,,Processed,Credit Card,,Online,General Marketing
55883,476,49000,19955,49000,1,1,24.99,24.99,4.998,0.0,,1,2018-08-23 00:00:00,3,August,3,2018,,,Processed,Credit Card,,Online,General Marketing
56408,476,49458,1789,49458,1,1,55.0,55.0,11.0,0.0,,1,2018-08-23 00:00:00,3,August,3,2018,,,Processed,Credit Card,,Online,General Marketing
56409,476,49458,11513,49458,1,1,45.0,45.0,9.0,0.0,,1,2018-08-23 00:00:00,3,August,3,2018,,,Processed,Credit Card,,Online,General Marketing
58865,476,51597,21875,51597,1,1,30.0,30.0,6.0,0.0,,1,2018-08-23 00:00:00,3,August,3,2018,,,Processed,Credit Card,,Online,General Marketing
60619,476,53117,21063,53117,1,1,65.0,65.0,13.0,0.0,,1,2018-08-23 00:00:00,3,August,3,2018,,,Processed,Credit Card,,Online,General Marketing
62345,476,54640,3521,54640,1,1,25.89,25.89,5.178000000000001,0.0,,1,2018-08-23 00:00:00,3,August,3,2018,,,Processed,Credit Card,,Online,General Marketing
62512,476,54787,19955,54787,1,1,24.99,24.99,4.998,0.0,,1,2018-08-23 00:00:00,3,August,3,2018,,,Processed,Credit Card,,Online,General Marketing
63186,476,55392,11937,55392,1,1,16.9,16.9,3.38,0.0,,1,2018-08-23 00:00:00,3,August,3,2018,,,Processed,Credit Card,,Online,General Marketing
64292,476,56367,2336,56367,1,1,14.49,14.49,2.898,0.0,,1,2018-08-23 00:00:00,3,August,3,2018,,,Processed,Credit Card,,Online,General Marketing
66003,476,57873,23502,57873,1,1,119.0,119.0,23.8,0.0,,1,2018-08-23 00:00:00,3,August,3,2018,,,Processed,Credit Card,,Online,General Marketing
66383,476,58204,12515,58204,1,1,92.0,92.0,18.400000000000002,0.0,,1,2018-08-23 00:00:00,3,August,3,2018,,,Processed,Credit Card,,Online,General Marketing
68062,476,59705,24006,59705,1,1,59.0,59.0,11.8,0.0,,1,2018-08-23 00:00:00,3,August,3,2018,,,Processed,Credit Card,,Online,General Marketing
68137,476,59769,332,59769,1,1,69.0,69.0,13.8,0.0,,1,2018-08-23 00:00:00,3,August,3,2018,,,Processed,Credit Card,,Online,General Marketing
68843,476,60394,15388,60394,1,1,97.99,97.99,19.598,0.0,,1,2018-08-23 00:00:00,3,August,3,2018,,,Processed,Credit Card,,Online,General Marketing
69768,476,61187,5618,61187,1,1,110.32,110.32,22.064,0.0,,1,2018-08-23 00:00:00,3,August,3,2018,,,Processed,Credit Card,,Online,General Marketing
69769,476,61187,24393,61187,1,1,110.32,110.32,22.064,0.0,,1,2018-08-23 00:00:00,3,August,3,2018,,,Processed,Credit Card,,Online,General Marketing
69770,476,61187,5617,61187,1,1,110.32,110.32,22.064,0.0,,1,2018-08-23 00:00:00,3,August,3,2018,,,Processed,Credit Card,,Online,General Marketing
69857,476,61266,3401,61266,1,1,13.5,13.5,2.7,0.0,,1,2018-08-23 00:00:00,3,August,3,2018,,,Processed,Credit Card,,Online,General Marketing
69975,476,61368,24434,61368,1,1,131.9,131.9,26.380000000000003,0.0,,1,2018-08-23 00:00:00,3,August,3,2018,,,Processed,Credit Card,,Online,General Marketing
70073,476,61455,24457,61455,1,1,149.99,149.99,29.998000000000005,0.0,,1,2018-08-23 00:00:00,3,August,3,2018,,,Processed,Credit Card,,Online,General Marketing
70300,476,61659,2302,61659,1,1,14.9,14.9,2.9800000000000004,0.0,,1,2018-08-23 00:00:00,3,August,3,2018,,,Processed,Credit Card,,Online,General Marketing
70831,476,62104,12906,62104,1,1,120.0,120.0,24.0,0.0,,1,2018-08-23 00:00:00,3,August,3,2018,,,Processed,Credit Card,,Online,General Marketing
70915,476,62174,10936,62174,1,1,44.99,44.99,8.998000000000001,0.0,,1,2018-08-23 00:00:00,3,August,3,2018,,,Processed,Credit Card,,Online,General Marketing
71589,476,62770,24802,62770,1,1,59.89,59.89,11.978000000000002,0.0,,1,2018-08-23 00:00:00,3,August,3,2018,,,Processed,Credit Card,,Online,General Marketing
71976,476,63113,24891,63113,1,1,149.0,149.0,29.8,0.0,,1,2018-08-23 00:00:00,3,August,3,2018,,,Processed,Credit Card,,Online,General Marketing
73728,476,64607,396,64607,1,1,188.0,188.0,37.6,0.0,,1,2018-08-23 00:00:00,3,August,3,2018,,,Processed,Credit Card,,Online,General Marketing
73978,476,64811,21,64811,1,1,79.99,79.99,15.998,0.0,,1,2018-08-23 00:00:00,3,August,3,2018,,,Processed,Credit Card,,Online,General Marketing
74928,476,65643,1898,65643,1,1,55.49,55.49,11.098,0.0,,1,2018-08-23 00:00:00,3,August,3,2018,,,Processed,Credit Card,,Online,General Marketing
75334,476,66002,25618,66002,1,1,159.9,159.9,31.980000000000004,0.0,,1,2018-08-23 00:00:00,3,August,3,2018,,,Processed,Credit Card,,Online,General Marketing
75384,476,66051,1430,66051,1,1,134.99,134.99,26.998000000000005,0.0,,1,2018-08-23 00:00:00,3,August,3,2018,,,Processed,Credit Card,,Online,General Marketing
76457,476,66997,4358,66997,1,1,99.9,99.9,19.980000000000004,0.0,,1,2018-08-23 00:00:00,3,August,3,2018,,,Processed,Credit Card,,Online,General Marketing
76984,476,67449,18941,67449,1,1,35.94,35.94,7.188,0.0,,1,2018-08-23 00:00:00,3,August,3,2018,,,Processed,Credit Card,,Online,General Marketing
77224,476,67671,10770,67671,1,1,96.0,96.0,19.200000000000003,0.0,,1,2018-08-23 00:00:00,3,August,3,2018,,,Processed,Credit Card,,Online,General Marketing
81500,476,71425,26035,71425,1,1,64.8,64.8,12.96,0.0,,1,2018-08-23 00:00:00,3,August,3,2018,,,Processed,Credit Card,,Online,General Marketing
81871,476,71756,26939,71756,1,1,119.9,119.9,23.980000000000004,0.0,,1,2018-08-23 00:00:00,3,August,3,2018,,,Processed,Credit Card,,Online,General Marketing
81952,476,71825,9029,71825,1,1,139.0,139.0,27.8,0.0,,1,2018-08-23 00:00:00,3,August,3,2018,,,Processed,Credit Card,,Online,General Marketing
81971,476,71844,16998,71844,1,1,44.85,44.85,8.97,0.0,,1,2018-08-23 00:00:00,3,August,3,2018,,,Processed,Credit Card,,Online,General Marketing
82177,476,72030,10247,72030,1,1,169.9,169.9,33.980000000000004,0.0,,1,2018-08-23 00:00:00,3,August,3,2018,,,Processed,Credit Card,,Online,General Marketing
82348,476,72179,21297,72179,1,1,89.0,89.0,17.8,0.0,,1,2018-08-23 00:00:00,3,August,3,2018,,,Processed,Credit Card,,Online,General Marketing
82472,476,72290,27059,72290,1,1,67.0,67.0,13.4,0.0,,1,2018-08-23 00:00:00,3,August,3,2018,,,Processed,Credit Card,,Online,General Marketing
82700,476,72486,1400,72486,1,1,184.0,184.0,36.800000000000004,0.0,,1,2018-08-23 00:00:00,3,August,3,2018,,,Processed,Credit Card,,Online,General Marketing
83782,476,73460,18884,73460,1,1,69.0,69.0,13.8,0.0,,1,2018-08-23 00:00:00,3,August,3,2018,,,Processed,Credit Card,,Online,General Marketing
84907,476,74452,27520,74452,1,1,46.9,46.9,9.38,0.0,,1,2018-08-23 00:00:00,3,August,3,2018,,,Processed,Credit Card,,Online,General Marketing
85496,476,74952,22239,74952,1,1,4.99,4.99,0.9980000000000001,0.0,,1,2018-08-23 00:00:00,3,August,3,2018,,,Processed,Credit Card,,Online,General Marketing
85803,476,75215,27687,75215,1,1,60.0,60.0,12.0,0.0,,1,2018-08-23 00:00:00,3,August,3,2018,,,Processed,Credit Card,,Online,General Marketing
86033,476,75420,22237,75420,1,1,34.0,34.0,6.800000000000001,0.0,,1,2018-08-23 00:00:00,3,August,3,2018,,,Processed,Credit Card,,Online,General Marketing
86034,476,75420,22237,75420,1,1,34.0,34.0,6.800000000000001,0.0,,1,2018-08-23 00:00:00,3,August,3,2018,,,Processed,Credit Card,,Online,General Marketing
87351,476,76587,16092,76587,1,1,124.99,124.99,24.998,0.0,,1,2018-08-23 00:00:00,3,August,3,2018,,,Processed,Credit Card,,Online,General Marketing
87602,476,76809,3276,76809,1,1,32.99,32.99,6.598000000000001,0.0,,1,2018-08-23 00:00:00,3,August,3,2018,,,Processed,Credit Card,,Online,General Marketing
89050,476,78101,4288,78101,1,1,27.9,27.9,5.58,0.0,,1,2018-08-23 00:00:00,3,August,3,2018,,,Processed,Credit Card,,Online,General Marketing
91611,476,80328,25296,80328,1,1,62.9,62.9,12.58,0.0,,1,2018-08-23 00:00:00,3,August,3,2018,,,Processed,Credit Card,,Online,General Marketing
93656,476,82104,1597,82104,1,1,25.0,25.0,5.0,0.0,,1,2018-08-23 00:00:00,3,August,3,2018,,,Processed,Credit Card,,Online,General Marketing
93657,476,82104,1597,82104,1,1,25.0,25.0,5.0,0.0,,1,2018-08-23 00:00:00,3,August,3,2018,,,Processed,Credit Card,,Online,General Marketing
94071,476,82469,11592,82469,1,1,8.9,8.9,1.7800000000000002,0.0,,1,2018-08-23 00:00:00,3,August,3,2018,,,Processed,Credit Card,,Online,General Marketing
94184,476,82564,29356,82564,1,1,548.06,548.06,109.612,0.0,,1,2018-08-23 00:00:00,3,August,3,2018,,,Processed,Credit Card,,Online,General Marketing
94679,476,82991,1402,82991,1,1,735.0,735.0,147.0,0.0,,1,2018-08-23 00:00:00,3,August,3,2018,,,Processed,Credit Card,,Online,General Marketing
94798,476,83099,7720,83099,1,1,58.9,58.9,11.780000000000001,0.0,,1,2018-08-23 00:00:00,3,August,3,2018,,,Processed,Credit Card,,Online,General Marketing
95253,476,83502,1889,83502,1,1,69.9,69.9,13.980000000000002,0.0,,1,2018-08-23 00:00:00,3,August,3,2018,,,Processed,Credit Card,,Online,General Marketing
96860,476,84912,29842,84912,1,1,79.99,79.99,15.998,0.0,,1,2018-08-23 00:00:00,3,August,3,2018,,,Processed,Credit Card,,Online,General Marketing
97199,476,85209,15215,85209,1,1,139.99,139.99,27.998000000000005,0.0,,1,2018-08-23 00:00:00,3,August,3,2018,,,Processed,Credit Card,,Online,General Marketing
98825,476,86626,18086,86626,1,1,99.0,99.0,19.8,0.0,,1,2018-08-23 00:00:00,3,August,3,2018,,,Processed,Credit Card,,Online,General Marketing
99672,476,87360,30375,87360,1,1,53.3,53.3,10.66,0.0,,1,2018-08-23 00:00:00,3,August,3,2018,,,Processed,Credit Card,,Online,General Marketing
99673,476,87360,30375,87360,1,1,53.3,53.3,10.66,0.0,,1,2018-08-23 00:00:00,3,August,3,2018,,,Processed,Credit Card,,Online,General Marketing
101328,476,88787,22511,88787,1,1,62.0,62.0,12.4,0.0,,1,2018-08-23 00:00:00,3,August,3,2018,,,Processed,Credit Card,,Online,General Marketing
101619,476,89041,30729,89041,1,1,99.0,99.0,19.8,0.0,,1,2018-08-23 00:00:00,3,August,3,2018,,,Processed,Credit Card,,Online,General Marketing
102375,476,89683,10550,89683,1,1,170.0,170.0,34.0,0.0,,1,2018-08-23 00:00:00,3,August,3,2018,,,Processed,Credit Card,,Online,General Marketing
102493,476,89788,23471,89788,1,1,28.39,28.39,5.678000000000001,0.0,,1,2018-08-23 00:00:00,3,August,3,2018,,,Processed,Credit Card,,Online,General Marketing
104020,476,91105,2657,91105,1,1,29.99,29.99,5.998,0.0,,1,2018-08-23 00:00:00,3,August,3,2018,,,Processed,Credit Card,,Online,General Marketing
104021,476,91105,31133,91105,1,1,20.03,20.03,4.006,0.0,,1,2018-08-23 00:00:00,3,August,3,2018,,,Processed,Credit Card,,Online,General Marketing
104711,476,91687,16845,91687,1,1,48.0,48.0,9.600000000000001,0.0,,1,2018-08-23 00:00:00,3,August,3,2018,,,Processed,Credit Card,,Online,General Marketing
104712,476,91687,1531,91687,1,1,49.0,49.0,9.8,0.0,,1,2018-08-23 00:00:00,3,August,3,2018,,,Processed,Credit Card,,Online,General Marketing
104787,476,91756,3803,91756,1,1,74.9,74.9,14.980000000000002,0.0,,1,2018-08-23 00:00:00,3,August,3,2018,,,Processed,Credit Card,,Online,General Marketing
105884,476,92713,2053,92713,1,1,99.9,99.9,19.980000000000004,0.0,,1,2018-08-23 00:00:00,3,August,3,2018,,,Processed,Credit Card,,Online,General Marketing
106007,476,92819,7614,92819,1,1,19.99,19.99,3.9979999999999998,0.0,,1,2018-08-23 00:00:00,3,August,3,2018,,,Processed,Credit Card,,Online,General Marketing
107832,476,94434,31800,94434,1,1,63.9,63.9,12.780000000000001,0.0,,1,2018-08-23 00:00:00,3,August,3,2018,,,Processed,Credit Card,,Online,General Marketing
108854,476,95332,31543,95332,1,1,99.0,99.0,19.8,0.0,,1,2018-08-23 00:00:00,3,August,3,2018,,,Processed,Credit Card,,Online,General Marketing
108855,476,95332,31541,95332,1,1,99.0,99.0,19.8,0.0,,1,2018-08-23 00:00:00,3,August,3,2018,,,Processed,Credit Card,,Online,General Marketing
